station,year,observed_days,first_observation,last_observation,inclusion_reason,forced_include,expected_days_full_year,is_current_year,expected_days_available,coverage_pct,literally_complete,year_used,year_status
Comal Springs,1927,13,1927-12-19,1927-12-31,NA,FALSE,365,FALSE,365,3.5616438356164384,FALSE,FALSE,"PARTIAL, EXCLUDED"
Comal Springs,1928,352,1928-01-01,1928-12-31,NA,FALSE,366,FALSE,366,96.17486338797814,FALSE,FALSE,"PARTIAL, EXCLUDED"
Comal Springs,1929,353,1929-01-01,1929-12-31,NA,FALSE,365,FALSE,365,96.71232876712328,FALSE,FALSE,"PARTIAL, EXCLUDED"
Comal Springs,1930,356,1930-01-01,1930-12-31,NA,FALSE,365,FALSE,365,97.53424657534246,FALSE,FALSE,"PARTIAL, EXCLUDED"
Comal Springs,1931,356,1931-01-01,1931-12-31,NA,FALSE,365,FALSE,365,97.53424657534246,FALSE,FALSE,"PARTIAL, EXCLUDED"
Comal Springs,1932,362,1932-01-01,1932-12-31,NA,FALSE,366,FALSE,366,98.90710382513662,FALSE,TRUE,"PARTIAL, RETAINED"
Comal Springs,1933,365,1933-01-01,1933-12-31,NA,FALSE,365,FALSE,365,100,TRUE,TRUE,COMPLETE
Comal Springs,1934,365,1934-01-01,1934-12-31,NA,FALSE,365,FALSE,365,100,TRUE,TRUE,COMPLETE
Comal Springs,1935,365,1935-01-01,1935-12-31,NA,FALSE,365,FALSE,365,100,TRUE,TRUE,COMPLETE
Comal Springs,1936,366,1936-01-01,1936-12-31,NA,FALSE,366,FALSE,366,100,TRUE,TRUE,COMPLETE
Comal Springs,1937,365,1937-01-01,1937-12-31,NA,FALSE,365,FALSE,365,100,TRUE,TRUE,COMPLETE
Comal Springs,1938,365,1938-01-01,1938-12-31,NA,FALSE,365,FALSE,365,100,TRUE,TRUE,COMPLETE
Comal Springs,1939,365,1939-01-01,1939-12-31,NA,FALSE,365,FALSE,365,100,TRUE,TRUE,COMPLETE
Comal Springs,1940,366,1940-01-01,1940-12-31,NA,FALSE,366,FALSE,366,100,TRUE,TRUE,COMPLETE
Comal Springs,1941,365,1941-01-01,1941-12-31,NA,FALSE,365,FALSE,365,100,TRUE,TRUE,COMPLETE
Comal Springs,1942,365,1942-01-01,1942-12-31,NA,FALSE,365,FALSE,365,100,TRUE,TRUE,COMPLETE
Comal Springs,1943,365,1943-01-01,1943-12-31,NA,FALSE,365,FALSE,365,100,TRUE,TRUE,COMPLETE
Comal Springs,1944,366,1944-01-01,1944-12-31,NA,FALSE,366,FALSE,366,100,TRUE,TRUE,COMPLETE
Comal Springs,1945,365,1945-01-01,1945-12-31,NA,FALSE,365,FALSE,365,100,TRUE,TRUE,COMPLETE
Comal Springs,1946,365,1946-01-01,1946-12-31,NA,FALSE,365,FALSE,365,100,TRUE,TRUE,COMPLETE
Comal Springs,1947,365,1947-01-01,1947-12-31,NA,FALSE,365,FALSE,365,100,TRUE,TRUE,COMPLETE
Comal Springs,1948,366,1948-01-01,1948-12-31,NA,FALSE,366,FALSE,366,100,TRUE,TRUE,COMPLETE
Comal Springs,1949,365,1949-01-01,1949-12-31,NA,FALSE,365,FALSE,365,100,TRUE,TRUE,COMPLETE
Comal Springs,1950,365,1950-01-01,1950-12-31,NA,FALSE,365,FALSE,365,100,TRUE,TRUE,COMPLETE
Comal Springs,1951,365,1951-01-01,1951-12-31,NA,FALSE,365,FALSE,365,100,TRUE,TRUE,COMPLETE
Comal Springs,1952,366,1952-01-01,1952-12-31,NA,FALSE,366,FALSE,366,100,TRUE,TRUE,COMPLETE
Comal Springs,1953,365,1953-01-01,1953-12-31,NA,FALSE,365,FALSE,365,100,TRUE,TRUE,COMPLETE
Comal Springs,1954,365,1954-01-01,1954-12-31,NA,FALSE,365,FALSE,365,100,TRUE,TRUE,COMPLETE
Comal Springs,1955,365,1955-01-01,1955-12-31,NA,FALSE,365,FALSE,365,100,TRUE,TRUE,COMPLETE
Comal Springs,1956,366,1956-01-01,1956-12-31,NA,FALSE,366,FALSE,366,100,TRUE,TRUE,COMPLETE
Comal Springs,1957,365,1957-01-01,1957-12-31,NA,FALSE,365,FALSE,365,100,TRUE,TRUE,COMPLETE
Comal Springs,1958,365,1958-01-01,1958-12-31,NA,FALSE,365,FALSE,365,100,TRUE,TRUE,COMPLETE
Comal Springs,1959,365,1959-01-01,1959-12-31,NA,FALSE,365,FALSE,365,100,TRUE,TRUE,COMPLETE
Comal Springs,1960,366,1960-01-01,1960-12-31,NA,FALSE,366,FALSE,366,100,TRUE,TRUE,COMPLETE
Comal Springs,1961,365,1961-01-01,1961-12-31,NA,FALSE,365,FALSE,365,100,TRUE,TRUE,COMPLETE
Comal Springs,1962,365,1962-01-01,1962-12-31,NA,FALSE,365,FALSE,365,100,TRUE,TRUE,COMPLETE
Comal Springs,1963,365,1963-01-01,1963-12-31,NA,FALSE,365,FALSE,365,100,TRUE,TRUE,COMPLETE
Comal Springs,1964,366,1964-01-01,1964-12-31,NA,FALSE,366,FALSE,366,100,TRUE,TRUE,COMPLETE
Comal Springs,1965,365,1965-01-01,1965-12-31,NA,FALSE,365,FALSE,365,100,TRUE,TRUE,COMPLETE
Comal Springs,1966,365,1966-01-01,1966-12-31,NA,FALSE,365,FALSE,365,100,TRUE,TRUE,COMPLETE
Comal Springs,1967,365,1967-01-01,1967-12-31,NA,FALSE,365,FALSE,365,100,TRUE,TRUE,COMPLETE
Comal Springs,1968,366,1968-01-01,1968-12-31,NA,FALSE,366,FALSE,366,100,TRUE,TRUE,COMPLETE
Comal Springs,1969,365,1969-01-01,1969-12-31,NA,FALSE,365,FALSE,365,100,TRUE,TRUE,COMPLETE
Comal Springs,1970,365,1970-01-01,1970-12-31,NA,FALSE,365,FALSE,365,100,TRUE,TRUE,COMPLETE
Comal Springs,1971,365,1971-01-01,1971-12-31,NA,FALSE,365,FALSE,365,100,TRUE,TRUE,COMPLETE
Comal Springs,1972,366,1972-01-01,1972-12-31,NA,FALSE,366,FALSE,366,100,TRUE,TRUE,COMPLETE
Comal Springs,1973,365,1973-01-01,1973-12-31,NA,FALSE,365,FALSE,365,100,TRUE,TRUE,COMPLETE
Comal Springs,1974,365,1974-01-01,1974-12-31,NA,FALSE,365,FALSE,365,100,TRUE,TRUE,COMPLETE
Comal Springs,1975,365,1975-01-01,1975-12-31,NA,FALSE,365,FALSE,365,100,TRUE,TRUE,COMPLETE
Comal Springs,1976,366,1976-01-01,1976-12-31,NA,FALSE,366,FALSE,366,100,TRUE,TRUE,COMPLETE
Comal Springs,1977,365,1977-01-01,1977-12-31,NA,FALSE,365,FALSE,365,100,TRUE,TRUE,COMPLETE
Comal Springs,1978,365,1978-01-01,1978-12-31,NA,FALSE,365,FALSE,365,100,TRUE,TRUE,COMPLETE
Comal Springs,1979,365,1979-01-01,1979-12-31,NA,FALSE,365,FALSE,365,100,TRUE,TRUE,COMPLETE
Comal Springs,1980,366,1980-01-01,1980-12-31,NA,FALSE,366,FALSE,366,100,TRUE,TRUE,COMPLETE
Comal Springs,1981,365,1981-01-01,1981-12-31,NA,FALSE,365,FALSE,365,100,TRUE,TRUE,COMPLETE
Comal Springs,1982,365,1982-01-01,1982-12-31,NA,FALSE,365,FALSE,365,100,TRUE,TRUE,COMPLETE
Comal Springs,1983,365,1983-01-01,1983-12-31,NA,FALSE,365,FALSE,365,100,TRUE,TRUE,COMPLETE
Comal Springs,1984,366,1984-01-01,1984-12-31,NA,FALSE,366,FALSE,366,100,TRUE,TRUE,COMPLETE
Comal Springs,1985,365,1985-01-01,1985-12-31,NA,FALSE,365,FALSE,365,100,TRUE,TRUE,COMPLETE
Comal Springs,1986,365,1986-01-01,1986-12-31,NA,FALSE,365,FALSE,365,100,TRUE,TRUE,COMPLETE
Comal Springs,1987,365,1987-01-01,1987-12-31,NA,FALSE,365,FALSE,365,100,TRUE,TRUE,COMPLETE
Comal Springs,1988,366,1988-01-01,1988-12-31,NA,FALSE,366,FALSE,366,100,TRUE,TRUE,COMPLETE
Comal Springs,1989,365,1989-01-01,1989-12-31,NA,FALSE,365,FALSE,365,100,TRUE,TRUE,COMPLETE
Comal Springs,1990,365,1990-01-01,1990-12-31,NA,FALSE,365,FALSE,365,100,TRUE,TRUE,COMPLETE
Comal Springs,1991,365,1991-01-01,1991-12-31,NA,FALSE,365,FALSE,365,100,TRUE,TRUE,COMPLETE
Comal Springs,1992,366,1992-01-01,1992-12-31,NA,FALSE,366,FALSE,366,100,TRUE,TRUE,COMPLETE
Comal Springs,1993,365,1993-01-01,1993-12-31,NA,FALSE,365,FALSE,365,100,TRUE,TRUE,COMPLETE
Comal Springs,1994,365,1994-01-01,1994-12-31,NA,FALSE,365,FALSE,365,100,TRUE,TRUE,COMPLETE
Comal Springs,1995,365,1995-01-01,1995-12-31,NA,FALSE,365,FALSE,365,100,TRUE,TRUE,COMPLETE
Comal Springs,1996,366,1996-01-01,1996-12-31,NA,FALSE,366,FALSE,366,100,TRUE,TRUE,COMPLETE
Comal Springs,1997,365,1997-01-01,1997-12-31,NA,FALSE,365,FALSE,365,100,TRUE,TRUE,COMPLETE
Comal Springs,1998,365,1998-01-01,1998-12-31,NA,FALSE,365,FALSE,365,100,TRUE,TRUE,COMPLETE
Comal Springs,1999,365,1999-01-01,1999-12-31,NA,FALSE,365,FALSE,365,100,TRUE,TRUE,COMPLETE
Comal Springs,2000,366,2000-01-01,2000-12-31,NA,FALSE,366,FALSE,366,100,TRUE,TRUE,COMPLETE
Comal Springs,2001,365,2001-01-01,2001-12-31,NA,FALSE,365,FALSE,365,100,TRUE,TRUE,COMPLETE
Comal Springs,2002,365,2002-01-01,2002-12-31,NA,FALSE,365,FALSE,365,100,TRUE,TRUE,COMPLETE
Comal Springs,2003,365,2003-01-01,2003-12-31,NA,FALSE,365,FALSE,365,100,TRUE,TRUE,COMPLETE
Comal Springs,2004,366,2004-01-01,2004-12-31,NA,FALSE,366,FALSE,366,100,TRUE,TRUE,COMPLETE
Comal Springs,2005,365,2005-01-01,2005-12-31,NA,FALSE,365,FALSE,365,100,TRUE,TRUE,COMPLETE
Comal Springs,2006,365,2006-01-01,2006-12-31,NA,FALSE,365,FALSE,365,100,TRUE,TRUE,COMPLETE
Comal Springs,2007,365,2007-01-01,2007-12-31,NA,FALSE,365,FALSE,365,100,TRUE,TRUE,COMPLETE
Comal Springs,2008,366,2008-01-01,2008-12-31,NA,FALSE,366,FALSE,366,100,TRUE,TRUE,COMPLETE
Comal Springs,2009,365,2009-01-01,2009-12-31,NA,FALSE,365,FALSE,365,100,TRUE,TRUE,COMPLETE
Comal Springs,2010,365,2010-01-01,2010-12-31,NA,FALSE,365,FALSE,365,100,TRUE,TRUE,COMPLETE
Comal Springs,2011,365,2011-01-01,2011-12-31,NA,FALSE,365,FALSE,365,100,TRUE,TRUE,COMPLETE
Comal Springs,2012,366,2012-01-01,2012-12-31,NA,FALSE,366,FALSE,366,100,TRUE,TRUE,COMPLETE
Comal Springs,2013,365,2013-01-01,2013-12-31,NA,FALSE,365,FALSE,365,100,TRUE,TRUE,COMPLETE
Comal Springs,2014,365,2014-01-01,2014-12-31,NA,FALSE,365,FALSE,365,100,TRUE,TRUE,COMPLETE
Comal Springs,2015,365,2015-01-01,2015-12-31,NA,FALSE,365,FALSE,365,100,TRUE,TRUE,COMPLETE
Comal Springs,2016,366,2016-01-01,2016-12-31,NA,FALSE,366,FALSE,366,100,TRUE,TRUE,COMPLETE
Comal Springs,2017,365,2017-01-01,2017-12-31,NA,FALSE,365,FALSE,365,100,TRUE,TRUE,COMPLETE
Comal Springs,2018,365,2018-01-01,2018-12-31,NA,FALSE,365,FALSE,365,100,TRUE,TRUE,COMPLETE
Comal Springs,2019,365,2019-01-01,2019-12-31,NA,FALSE,365,FALSE,365,100,TRUE,TRUE,COMPLETE
Comal Springs,2020,366,2020-01-01,2020-12-31,NA,FALSE,366,FALSE,366,100,TRUE,TRUE,COMPLETE
Comal Springs,2021,365,2021-01-01,2021-12-31,NA,FALSE,365,FALSE,365,100,TRUE,TRUE,COMPLETE
Comal Springs,2022,365,2022-01-01,2022-12-31,NA,FALSE,365,FALSE,365,100,TRUE,TRUE,COMPLETE
Comal Springs,2023,365,2023-01-01,2023-12-31,NA,FALSE,365,FALSE,365,100,TRUE,TRUE,COMPLETE
Comal Springs,2024,366,2024-01-01,2024-12-31,NA,FALSE,366,FALSE,366,100,TRUE,TRUE,COMPLETE
Comal Springs,2025,365,2025-01-01,2025-12-31,NA,FALSE,365,FALSE,365,100,TRUE,TRUE,COMPLETE
Comal Springs,2026,212,2026-01-01,2026-07-31,NA,FALSE,365,TRUE,212,100,TRUE,TRUE,CURRENT YEAR - COMPLETE THROUGH DATA END
San Marcos Springs,1956,220,1956-05-26,1956-12-31,Gage record begins 1956-05-26 during drought of record,TRUE,366,FALSE,366,60.10928961748634,FALSE,TRUE,"PARTIAL, RETAINED - RECORD START"
San Marcos Springs,1957,365,1957-01-01,1957-12-31,NA,FALSE,365,FALSE,365,100,TRUE,TRUE,COMPLETE
San Marcos Springs,1958,365,1958-01-01,1958-12-31,NA,FALSE,365,FALSE,365,100,TRUE,TRUE,COMPLETE
San Marcos Springs,1959,365,1959-01-01,1959-12-31,NA,FALSE,365,FALSE,365,100,TRUE,TRUE,COMPLETE
San Marcos Springs,1960,366,1960-01-01,1960-12-31,NA,FALSE,366,FALSE,366,100,TRUE,TRUE,COMPLETE
San Marcos Springs,1961,365,1961-01-01,1961-12-31,NA,FALSE,365,FALSE,365,100,TRUE,TRUE,COMPLETE
San Marcos Springs,1962,365,1962-01-01,1962-12-31,NA,FALSE,365,FALSE,365,100,TRUE,TRUE,COMPLETE
San Marcos Springs,1963,365,1963-01-01,1963-12-31,NA,FALSE,365,FALSE,365,100,TRUE,TRUE,COMPLETE
San Marcos Springs,1964,366,1964-01-01,1964-12-31,NA,FALSE,366,FALSE,366,100,TRUE,TRUE,COMPLETE
San Marcos Springs,1965,365,1965-01-01,1965-12-31,NA,FALSE,365,FALSE,365,100,TRUE,TRUE,COMPLETE
San Marcos Springs,1966,365,1966-01-01,1966-12-31,NA,FALSE,365,FALSE,365,100,TRUE,TRUE,COMPLETE
San Marcos Springs,1967,365,1967-01-01,1967-12-31,NA,FALSE,365,FALSE,365,100,TRUE,TRUE,COMPLETE
San Marcos Springs,1968,366,1968-01-01,1968-12-31,NA,FALSE,366,FALSE,366,100,TRUE,TRUE,COMPLETE
San Marcos Springs,1969,365,1969-01-01,1969-12-31,NA,FALSE,365,FALSE,365,100,TRUE,TRUE,COMPLETE
San Marcos Springs,1970,365,1970-01-01,1970-12-31,NA,FALSE,365,FALSE,365,100,TRUE,TRUE,COMPLETE
San Marcos Springs,1971,365,1971-01-01,1971-12-31,NA,FALSE,365,FALSE,365,100,TRUE,TRUE,COMPLETE
San Marcos Springs,1972,366,1972-01-01,1972-12-31,NA,FALSE,366,FALSE,366,100,TRUE,TRUE,COMPLETE
San Marcos Springs,1973,365,1973-01-01,1973-12-31,NA,FALSE,365,FALSE,365,100,TRUE,TRUE,COMPLETE
San Marcos Springs,1974,365,1974-01-01,1974-12-31,NA,FALSE,365,FALSE,365,100,TRUE,TRUE,COMPLETE
San Marcos Springs,1975,365,1975-01-01,1975-12-31,NA,FALSE,365,FALSE,365,100,TRUE,TRUE,COMPLETE
San Marcos Springs,1976,366,1976-01-01,1976-12-31,NA,FALSE,366,FALSE,366,100,TRUE,TRUE,COMPLETE
San Marcos Springs,1977,365,1977-01-01,1977-12-31,NA,FALSE,365,FALSE,365,100,TRUE,TRUE,COMPLETE
San Marcos Springs,1978,365,1978-01-01,1978-12-31,NA,FALSE,365,FALSE,365,100,TRUE,TRUE,COMPLETE
San Marcos Springs,1979,365,1979-01-01,1979-12-31,NA,FALSE,365,FALSE,365,100,TRUE,TRUE,COMPLETE
San Marcos Springs,1980,366,1980-01-01,1980-12-31,NA,FALSE,366,FALSE,366,100,TRUE,TRUE,COMPLETE
San Marcos Springs,1981,365,1981-01-01,1981-12-31,NA,FALSE,365,FALSE,365,100,TRUE,TRUE,COMPLETE
San Marcos Springs,1982,365,1982-01-01,1982-12-31,NA,FALSE,365,FALSE,365,100,TRUE,TRUE,COMPLETE
San Marcos Springs,1983,365,1983-01-01,1983-12-31,NA,FALSE,365,FALSE,365,100,TRUE,TRUE,COMPLETE
San Marcos Springs,1984,366,1984-01-01,1984-12-31,NA,FALSE,366,FALSE,366,100,TRUE,TRUE,COMPLETE
San Marcos Springs,1985,365,1985-01-01,1985-12-31,NA,FALSE,365,FALSE,365,100,TRUE,TRUE,COMPLETE
San Marcos Springs,1986,365,1986-01-01,1986-12-31,NA,FALSE,365,FALSE,365,100,TRUE,TRUE,COMPLETE
San Marcos Springs,1987,365,1987-01-01,1987-12-31,NA,FALSE,365,FALSE,365,100,TRUE,TRUE,COMPLETE
San Marcos Springs,1988,366,1988-01-01,1988-12-31,NA,FALSE,366,FALSE,366,100,TRUE,TRUE,COMPLETE
San Marcos Springs,1989,365,1989-01-01,1989-12-31,NA,FALSE,365,FALSE,365,100,TRUE,TRUE,COMPLETE
San Marcos Springs,1990,365,1990-01-01,1990-12-31,NA,FALSE,365,FALSE,365,100,TRUE,TRUE,COMPLETE
San Marcos Springs,1991,365,1991-01-01,1991-12-31,NA,FALSE,365,FALSE,365,100,TRUE,TRUE,COMPLETE
San Marcos Springs,1992,366,1992-01-01,1992-12-31,NA,FALSE,366,FALSE,366,100,TRUE,TRUE,COMPLETE
San Marcos Springs,1993,365,1993-01-01,1993-12-31,NA,FALSE,365,FALSE,365,100,TRUE,TRUE,COMPLETE
San Marcos Springs,1994,365,1994-01-01,1994-12-31,NA,FALSE,365,FALSE,365,100,TRUE,TRUE,COMPLETE
San Marcos Springs,1995,365,1995-01-01,1995-12-31,NA,FALSE,365,FALSE,365,100,TRUE,TRUE,COMPLETE
San Marcos Springs,1996,366,1996-01-01,1996-12-31,NA,FALSE,366,FALSE,366,100,TRUE,TRUE,COMPLETE
San Marcos Springs,1997,365,1997-01-01,1997-12-31,NA,FALSE,365,FALSE,365,100,TRUE,TRUE,COMPLETE
San Marcos Springs,1998,365,1998-01-01,1998-12-31,NA,FALSE,365,FALSE,365,100,TRUE,TRUE,COMPLETE
San Marcos Springs,1999,365,1999-01-01,1999-12-31,NA,FALSE,365,FALSE,365,100,TRUE,TRUE,COMPLETE
San Marcos Springs,2000,366,2000-01-01,2000-12-31,NA,FALSE,366,FALSE,366,100,TRUE,TRUE,COMPLETE
San Marcos Springs,2001,365,2001-01-01,2001-12-31,NA,FALSE,365,FALSE,365,100,TRUE,TRUE,COMPLETE
San Marcos Springs,2002,365,2002-01-01,2002-12-31,NA,FALSE,365,FALSE,365,100,TRUE,TRUE,COMPLETE
San Marcos Springs,2003,365,2003-01-01,2003-12-31,NA,FALSE,365,FALSE,365,100,TRUE,TRUE,COMPLETE
San Marcos Springs,2004,366,2004-01-01,2004-12-31,NA,FALSE,366,FALSE,366,100,TRUE,TRUE,COMPLETE
San Marcos Springs,2005,365,2005-01-01,2005-12-31,NA,FALSE,365,FALSE,365,100,TRUE,TRUE,COMPLETE
San Marcos Springs,2006,365,2006-01-01,2006-12-31,NA,FALSE,365,FALSE,365,100,TRUE,TRUE,COMPLETE
San Marcos Springs,2007,365,2007-01-01,2007-12-31,NA,FALSE,365,FALSE,365,100,TRUE,TRUE,COMPLETE
San Marcos Springs,2008,366,2008-01-01,2008-12-31,NA,FALSE,366,FALSE,366,100,TRUE,TRUE,COMPLETE
San Marcos Springs,2009,365,2009-01-01,2009-12-31,NA,FALSE,365,FALSE,365,100,TRUE,TRUE,COMPLETE
San Marcos Springs,2010,365,2010-01-01,2010-12-31,NA,FALSE,365,FALSE,365,100,TRUE,TRUE,COMPLETE
San Marcos Springs,2011,365,2011-01-01,2011-12-31,NA,FALSE,365,FALSE,365,100,TRUE,TRUE,COMPLETE
San Marcos Springs,2012,366,2012-01-01,2012-12-31,NA,FALSE,366,FALSE,366,100,TRUE,TRUE,COMPLETE
San Marcos Springs,2013,365,2013-01-01,2013-12-31,NA,FALSE,365,FALSE,365,100,TRUE,TRUE,COMPLETE
San Marcos Springs,2014,365,2014-01-01,2014-12-31,NA,FALSE,365,FALSE,365,100,TRUE,TRUE,COMPLETE
San Marcos Springs,2015,365,2015-01-01,2015-12-31,NA,FALSE,365,FALSE,365,100,TRUE,TRUE,COMPLETE
San Marcos Springs,2016,366,2016-01-01,2016-12-31,NA,FALSE,366,FALSE,366,100,TRUE,TRUE,COMPLETE
San Marcos Springs,2017,365,2017-01-01,2017-12-31,NA,FALSE,365,FALSE,365,100,TRUE,TRUE,COMPLETE
San Marcos Springs,2018,365,2018-01-01,2018-12-31,NA,FALSE,365,FALSE,365,100,TRUE,TRUE,COMPLETE
San Marcos Springs,2019,365,2019-01-01,2019-12-31,NA,FALSE,365,FALSE,365,100,TRUE,TRUE,COMPLETE
San Marcos Springs,2020,366,2020-01-01,2020-12-31,NA,FALSE,366,FALSE,366,100,TRUE,TRUE,COMPLETE
San Marcos Springs,2021,365,2021-01-01,2021-12-31,NA,FALSE,365,FALSE,365,100,TRUE,TRUE,COMPLETE
San Marcos Springs,2022,365,2022-01-01,2022-12-31,NA,FALSE,365,FALSE,365,100,TRUE,TRUE,COMPLETE
San Marcos Springs,2023,364,2023-01-01,2023-12-31,NA,FALSE,365,FALSE,365,99.72602739726027,FALSE,TRUE,"PARTIAL, RETAINED"
San Marcos Springs,2024,366,2024-01-01,2024-12-31,NA,FALSE,366,FALSE,366,100,TRUE,TRUE,COMPLETE
San Marcos Springs,2025,365,2025-01-01,2025-12-31,NA,FALSE,365,FALSE,365,100,TRUE,TRUE,COMPLETE
San Marcos Springs,2026,212,2026-01-01,2026-07-31,NA,FALSE,365,TRUE,212,100,TRUE,TRUE,CURRENT YEAR - COMPLETE THROUGH DATA END
