station,window_months,window_start_month,window_end_month,rolling_mean_cfs,partial_months_in_window,unusable_months_in_window,historical_rank_lowest,historical_n,low_flow_percentile
Comal Springs,1,1956-07-01,1956-07-01,0,0,0,1,1135,0.3524229074889868
Comal Springs,1,1956-08-01,1956-08-01,0,0,0,1,1135,0.3524229074889868
Comal Springs,1,1956-09-01,1956-09-01,0,0,0,1,1135,0.3524229074889868
Comal Springs,1,1956-10-01,1956-10-01,0,0,0,1,1135,0.3524229074889868
Comal Springs,1,1956-06-01,1956-06-01,3.7,0,0,5,1135,0.4405286343612335
Comal Springs,1,1956-11-01,1956-11-01,21.5,0,0,6,1135,0.5286343612334802
Comal Springs,1,1956-05-01,1956-05-01,27.774193548387096,0,0,7,1135,0.6167400881057269
Comal Springs,1,1984-07-01,1984-07-01,32.774193548387096,0,0,8,1135,0.7048458149779736
Comal Springs,1,1984-08-01,1984-08-01,34.935483870967744,0,0,9,1135,0.7929515418502203
Comal Springs,1,1956-12-01,1956-12-01,35.58064516129032,0,0,10,1135,0.881057268722467
Comal Springs,1,1984-09-01,1984-09-01,40.53333333333333,0,0,11,1135,0.9691629955947136
Comal Springs,1,1956-04-01,1956-04-01,41.46666666666667,0,0,12,1135,1.0572687224669604
Comal Springs,1,1957-02-01,1957-02-01,49.57142857142857,0,0,13,1135,1.145374449339207
Comal Springs,1,1957-01-01,1957-01-01,51.16129032258065,0,0,14,1135,1.2334801762114538
Comal Springs,1,1955-08-01,1955-08-01,51.935483870967744,0,0,15,1135,1.3215859030837005
Comal Springs,1,1955-09-01,1955-09-01,54.2,0,0,16,1135,1.4096916299559472
Comal Springs,1,1955-10-01,1955-10-01,58.67741935483871,0,0,17,1135,1.4977973568281937
Comal Springs,1,2024-12-01,2024-12-01,60.516129032258064,0,0,18,1135,1.5859030837004406
Comal Springs,1,2025-05-01,2025-05-01,61.45161290322581,0,0,19,1135,1.6740088105726871
Comal Springs,1,2026-03-01,2026-03-01,62.935483870967744,0,0,20,1135,1.762114537444934
Comal Springs,1,2024-10-01,2024-10-01,63.806451612903224,0,0,21,1135,1.8502202643171806
Comal Springs,1,2023-08-01,2023-08-01,64.3225806451613,0,0,22,1135,1.9383259911894273
Comal Springs,1,1955-07-01,1955-07-01,64.87096774193549,0,0,23,1135,2.026431718061674
Comal Springs,1,1957-03-01,1957-03-01,65.38709677419355,0,0,24,1135,2.1145374449339207
Comal Springs,1,2025-11-01,2025-11-01,65.43333333333334,0,0,25,1135,2.2026431718061676
Comal Springs,1,2025-10-01,2025-10-01,66,0,0,26,1135,2.290748898678414
Comal Springs,1,2025-04-01,2025-04-01,66.96666666666667,0,0,27,1135,2.378854625550661
Comal Springs,1,2024-11-01,2024-11-01,68.03333333333333,0,0,28,1135,2.4669603524229076
Comal Springs,1,1956-03-01,1956-03-01,69.2258064516129,0,0,29,1135,2.555066079295154
Comal Springs,1,2023-09-01,2023-09-01,70.33333333333333,0,0,30,1135,2.643171806167401
Comal Springs,1,2026-02-01,2026-02-01,71.64285714285714,0,0,31,1135,2.7312775330396475
Comal Springs,1,2025-01-01,2025-01-01,71.80645161290323,0,0,32,1135,2.8193832599118944
Comal Springs,1,1955-11-01,1955-11-01,71.93333333333334,0,0,33,1135,2.907488986784141
Comal Springs,1,2025-12-01,2025-12-01,73.12903225806451,0,0,34,1135,2.9955947136563874
Comal Springs,1,2025-03-01,2025-03-01,73.16129032258064,0,0,35,1135,3.0837004405286343
Comal Springs,1,2026-01-01,2026-01-01,73.58064516129032,0,0,36,1135,3.1718061674008813
Comal Springs,1,2014-09-01,2014-09-01,73.93333333333334,0,0,37,1135,3.2599118942731278
Comal Springs,1,1989-08-01,1989-08-01,75.38709677419355,0,0,38,1135,3.3480176211453743
Comal Springs,1,1984-06-01,1984-06-01,76.63333333333334,0,0,39,1135,3.4361233480176208
Comal Springs,1,2026-04-01,2026-04-01,77.23333333333333,0,0,40,1135,3.524229074889868
Comal Springs,1,1954-09-01,1954-09-01,77.6,0,0,41,1135,3.6123348017621146
Comal Springs,1,1989-09-01,1989-09-01,78.26666666666667,0,0,42,1135,3.700440528634361
Comal Springs,1,1967-08-01,1967-08-01,78.70967741935483,0,0,43,1135,3.7885462555066076
Comal Springs,1,2014-08-01,2014-08-01,83.29032258064517,0,0,44,1135,3.8766519823788546
Comal Springs,1,1954-08-01,1954-08-01,83.38709677419355,0,0,45,1135,3.9647577092511015
Comal Springs,1,1967-07-01,1967-07-01,85.29032258064517,0,0,46,1135,4.052863436123348
Comal Springs,1,2025-02-01,2025-02-01,87,0,0,47,1135,4.140969162995595
Comal Springs,1,1955-06-01,1955-06-01,87.6,0,0,48,1135,4.229074889867841
Comal Springs,1,2024-09-01,2024-09-01,87.86666666666666,0,0,49,1135,4.317180616740088
Comal Springs,1,2023-10-01,2023-10-01,88.74193548387096,0,0,50,1135,4.405286343612335
Comal Springs,3,1956-07-01,1956-09-01,0,0,0,1,1133,0.176522506619594
Comal Springs,3,1956-08-01,1956-10-01,0,0,0,1,1133,0.176522506619594
Comal Springs,3,1956-06-01,1956-08-01,1.2333333333333334,0,0,3,1133,0.264783759929391
Comal Springs,3,1956-09-01,1956-11-01,7.166666666666667,0,0,4,1133,0.353045013239188
Comal Springs,3,1956-05-01,1956-07-01,10.491397849462366,0,0,5,1133,0.44130626654898497
Comal Springs,3,1956-10-01,1956-12-01,19.026881720430108,0,0,6,1133,0.529567519858782
Comal Springs,3,1956-04-01,1956-06-01,24.31362007168459,0,0,7,1133,0.617828773168579
Comal Springs,3,1956-11-01,1957-01-01,36.08064516129032,0,0,8,1133,0.706090026478376
Comal Springs,3,1984-07-01,1984-09-01,36.08100358422939,0,0,9,1133,0.7943512797881729
Comal Springs,3,1956-12-01,1957-02-01,45.43778801843318,0,0,10,1133,0.8826125330979699
Comal Springs,3,1956-03-01,1956-05-01,46.15555555555555,0,0,11,1133,0.9708737864077669
Comal Springs,3,1984-06-01,1984-08-01,48.114336917562724,0,0,12,1133,1.059135039717564
Comal Springs,3,1955-08-01,1955-10-01,54.93763440860215,0,0,13,1133,1.1473962930273611
Comal Springs,3,1957-01-01,1957-03-01,55.373271889400925,0,0,14,1133,1.235657546337158
Comal Springs,3,1955-07-01,1955-09-01,57.002150537634414,0,0,15,1133,1.323918799646955
Comal Springs,3,1984-08-01,1984-10-01,60.25304659498208,0,0,16,1133,1.412180052956752
Comal Springs,3,1955-09-01,1955-11-01,61.603584229390684,0,0,17,1133,1.500441306266549
Comal Springs,3,2024-10-01,2024-12-01,64.11863799283154,0,0,18,1133,1.5887025595763458
Comal Springs,3,2024-11-01,2025-01-01,66.78530465949821,0,0,19,1133,1.6769638128861428
Comal Springs,3,2025-03-01,2025-05-01,67.19318996415771,0,0,20,1133,1.7652250661959399
Comal Springs,3,1956-02-01,1956-04-01,68.02392782103571,0,0,21,1133,1.8534863195057367
Comal Springs,3,1955-06-01,1955-08-01,68.13548387096775,0,0,22,1133,1.9417475728155338
Comal Springs,3,2025-10-01,2025-12-01,68.18745519713262,0,0,23,1133,2.0300088261253313
Comal Springs,3,1984-05-01,1984-07-01,68.94229390681004,0,0,24,1133,2.118270079435128
Comal Springs,3,2026-01-01,2026-03-01,69.3863287250384,0,0,25,1133,2.206531332744925
Comal Springs,3,2026-02-01,2026-04-01,70.60389144905274,0,0,26,1133,2.2947925860547222
Comal Springs,3,2025-11-01,2026-01-01,70.71433691756272,0,0,27,1133,2.383053839364519
Comal Springs,3,2025-12-01,2026-02-01,72.784178187404,0,0,28,1133,2.471315092674316
Comal Springs,3,1957-02-01,1957-04-01,72.91950844854071,0,0,29,1133,2.559576345984113
Comal Springs,3,2024-12-01,2025-02-01,73.10752688172043,0,0,30,1133,2.64783759929391
Comal Springs,3,2024-09-01,2024-11-01,73.23548387096774,0,0,31,1133,2.736098852603707
Comal Springs,3,1955-10-01,1955-12-01,73.61218637992832,0,0,32,1133,2.824360105913504
Comal Springs,3,2025-09-01,2025-11-01,74.38888888888889,0,0,33,1133,2.912621359223301
Comal Springs,3,2023-08-01,2023-10-01,74.46594982078852,0,0,34,1133,3.000882612533098
Comal Springs,3,2025-02-01,2025-04-01,75.70931899641577,0,0,35,1133,3.089143865842895
Comal Springs,3,2023-07-01,2023-09-01,76.14336917562724,0,0,36,1133,3.1774051191526915
Comal Springs,3,2025-01-01,2025-03-01,77.3225806451613,0,0,37,1133,3.265666372462489
Comal Springs,3,1989-07-01,1989-09-01,80.9168458781362,0,0,38,1133,3.3539276257722856
Comal Springs,3,2025-04-01,2025-06-01,81.28387096774193,0,0,39,1133,3.442188879082083
Comal Springs,3,1955-05-01,1955-07-01,81.83440860215053,0,0,40,1133,3.5304501323918798
Comal Springs,3,2014-08-01,2014-10-01,81.99928315412187,0,0,41,1133,3.618711385701677
Comal Springs,3,2025-08-01,2025-10-01,82.73906810035842,0,0,42,1133,3.7069726390114734
Comal Springs,3,2024-08-01,2024-10-01,83.61146953405017,0,0,43,1133,3.795233892321271
Comal Springs,3,1989-08-01,1989-10-01,83.7663082437276,0,0,44,1133,3.8834951456310676
Comal Springs,3,1955-11-01,1956-01-01,84.37562724014337,0,0,45,1133,3.971756398940865
Comal Springs,3,1956-01-01,1956-03-01,84.52428624397479,0,0,46,1133,4.060017652250663
Comal Springs,3,1954-07-01,1954-09-01,88.60860215053764,0,0,47,1133,4.148278905560459
Comal Springs,3,1954-08-01,1954-10-01,89.88817204301075,0,0,48,1133,4.236540158870256
Comal Springs,3,1967-06-01,1967-08-01,89.91111111111111,0,0,49,1133,4.324801412180053
Comal Springs,3,1955-12-01,1956-02-01,91.52428624397479,0,0,50,1133,4.41306266548985
Comal Springs,6,1956-06-01,1956-11-01,4.2,0,0,1,1130,0.08849557522123894
Comal Springs,6,1956-05-01,1956-10-01,5.245698924731183,0,0,2,1130,0.17699115044247787
Comal Springs,6,1956-07-01,1956-12-01,9.513440860215054,0,0,3,1130,0.2654867256637168
Comal Springs,6,1956-04-01,1956-09-01,12.156810035842295,0,0,4,1130,0.35398230088495575
Comal Springs,6,1956-08-01,1957-01-01,18.04032258064516,0,0,5,1130,0.4424778761061947
Comal Springs,6,1956-03-01,1956-08-01,23.694444444444443,0,0,6,1130,0.5309734513274336
Comal Springs,6,1956-09-01,1957-02-01,26.302227342549923,0,0,7,1130,0.6194690265486725
Comal Springs,6,1956-10-01,1957-03-01,37.20007680491551,0,0,8,1130,0.7079646017699115
Comal Springs,6,1956-02-01,1956-07-01,39.25766283524904,0,0,9,1130,0.7964601769911505
Comal Springs,6,1956-01-01,1956-06-01,54.418953157829684,0,0,10,1130,0.8849557522123894
Comal Springs,6,1956-11-01,1957-04-01,54.500076804915516,0,0,11,1130,0.9734513274336283
Comal Springs,6,1984-05-01,1984-10-01,64.59767025089606,0,0,12,1130,1.0619469026548671
Comal Springs,6,1955-06-01,1955-11-01,64.86953405017921,0,0,13,1130,1.1504424778761062
Comal Springs,6,1955-07-01,1955-12-01,65.30716845878136,0,0,14,1130,1.238938053097345
Comal Springs,6,1955-05-01,1955-10-01,68.38602150537635,0,0,15,1130,1.3274336283185841
Comal Springs,6,2025-10-01,2026-03-01,68.7868919610855,0,0,16,1130,1.415929203539823
Comal Springs,6,1955-12-01,1956-05-01,68.83992089976518,0,0,17,1130,1.5044247787610618
Comal Springs,6,1955-08-01,1956-01-01,69.65663082437275,0,0,18,1130,1.592920353982301
Comal Springs,6,2024-12-01,2025-05-01,70.15035842293906,0,0,19,1130,1.6814159292035398
Comal Springs,6,2025-11-01,2026-04-01,70.65911418330774,0,0,20,1130,1.7699115044247788
Comal Springs,6,2024-10-01,2025-03-01,70.72060931899641,0,0,21,1130,1.8584070796460177
Comal Springs,6,1984-04-01,1984-09-01,70.95483870967742,0,0,22,1130,1.9469026548672566
Comal Springs,6,2024-11-01,2025-04-01,71.24731182795699,0,0,23,1130,2.0353982300884956
Comal Springs,6,2024-09-01,2025-02-01,73.17150537634409,0,0,24,1130,2.1238938053097343
Comal Springs,6,1984-06-01,1984-11-01,73.38333333333334,0,0,25,1130,2.2123893805309733
Comal Springs,6,2025-09-01,2026-02-01,73.58653353814644,0,0,26,1130,2.3008849557522124
Comal Springs,6,2024-08-01,2025-01-01,75.1983870967742,0,0,27,1130,2.3893805309734515
Comal Springs,6,1955-04-01,1955-09-01,76.15645161290323,0,0,28,1130,2.47787610619469
Comal Springs,6,1955-11-01,1956-04-01,76.19977753058954,0,0,29,1130,2.566371681415929
Comal Springs,6,1955-09-01,1956-02-01,76.56393523668274,0,0,30,1130,2.6548672566371683
Comal Springs,6,2025-08-01,2026-01-01,76.72670250896057,0,0,31,1130,2.743362831858407
Comal Springs,6,1955-10-01,1956-03-01,79.06823631195155,0,0,32,1130,2.831858407079646
Comal Springs,6,2025-01-01,2025-06-01,79.30322580645162,0,0,33,1130,2.920353982300885
Comal Springs,6,2024-07-01,2024-12-01,79.92956989247311,0,0,34,1130,3.0088495575221237
Comal Springs,6,1956-12-01,1957-05-01,81.52427035330261,0,0,35,1130,3.0973451327433628
Comal Springs,6,2025-12-01,2026-05-01,84.47398873527905,0,0,36,1130,3.185840707964602
Comal Springs,6,2024-06-01,2024-11-01,85.14354838709677,0,0,37,1130,3.2743362831858405
Comal Springs,6,2025-07-01,2025-12-01,87.97939068100358,0,0,38,1130,3.3628318584070795
Comal Springs,6,1984-07-01,1984-12-01,88.21326164874552,0,0,39,1130,3.4513274336283186
Comal Springs,6,1955-03-01,1955-08-01,88.6231182795699,0,0,40,1130,3.5398230088495577
Comal Springs,6,2025-02-01,2025-07-01,90.8516129032258,0,0,41,1130,3.6283185840707963
Comal Springs,6,2025-03-01,2025-08-01,91.43225806451613,0,0,42,1130,3.7168141592920354
Comal Springs,6,2023-07-01,2023-12-01,93.98548387096774,0,0,43,1130,3.8053097345132745
Comal Springs,6,2025-05-01,2025-10-01,94.36648745519713,0,0,44,1130,3.893805309734513
Comal Springs,6,2025-04-01,2025-09-01,94.52759856630824,0,0,45,1130,3.982300884955752
Comal Springs,6,2025-06-01,2025-11-01,95.03010752688172,0,0,46,1130,4.070796460176991
Comal Springs,6,2024-05-01,2024-10-01,95.13799283154121,0,0,47,1130,4.15929203539823
Comal Springs,6,1984-03-01,1984-08-01,97.49498207885306,0,0,48,1130,4.2477876106194685
Comal Springs,6,2023-06-01,2023-11-01,99.16200716845879,0,0,49,1130,4.336283185840708
Comal Springs,6,1989-06-01,1989-11-01,100.0437275985663,0,0,50,1130,4.424778761061947
Comal Springs,9,1956-04-01,1956-12-01,14.446833930704898,0,0,1,1127,0.08873114463176575
Comal Springs,9,1956-05-01,1957-01-01,15.524014336917563,0,0,2,1127,0.1774622892635315
Comal Springs,9,1956-06-01,1957-02-01,17.945929339477726,0,0,3,1127,0.26619343389529726
Comal Springs,9,1956-03-01,1956-11-01,18.185185185185183,0,0,4,1127,0.354924578527063
Comal Springs,9,1956-07-01,1957-03-01,24.80005120327701,0,0,5,1127,0.44365572315882873
Comal Springs,9,1956-02-01,1956-10-01,26.17177522349936,0,0,6,1127,0.5323868677905945
Comal Springs,9,1956-01-01,1956-09-01,36.27930210521979,0,0,7,1127,0.6211180124223602
Comal Springs,9,1956-08-01,1957-04-01,36.333384536610346,0,0,8,1127,0.709849157054126
Comal Springs,9,1955-12-01,1956-08-01,46.304391710954555,0,0,9,1127,0.7985803016858917
Comal Springs,9,1955-11-01,1956-07-01,54.29698430354715,0,0,10,1127,0.8873114463176575
Comal Springs,9,1956-09-01,1957-05-01,56.738402457757296,0,0,11,1127,0.97604259094942325
Comal Springs,9,1955-10-01,1956-06-01,60.816697565195895,0,0,12,1127,1.064773735581189
Comal Springs,9,1955-09-01,1956-05-01,66.42780867630701,0,0,13,1127,1.1535048802129548
Comal Springs,9,1955-08-01,1956-04-01,69.11239648992708,0,0,14,1127,1.2422360248447204
Comal Springs,9,2024-09-01,2025-05-01,71.17873357228196,0,0,15,1127,1.3309671694764862
Comal Springs,9,1955-07-01,1956-03-01,71.71287438717917,0,0,16,1127,1.419698314108252
Comal Springs,9,1955-05-01,1956-01-01,73.71589008363202,0,0,17,1127,1.5084294587400178
Comal Springs,9,1955-06-01,1956-02-01,73.75445144811107,0,0,18,1127,1.5971606033717833
Comal Springs,9,2024-10-01,2025-06-01,74.24169653524493,0,0,19,1127,1.6858917480035491
Comal Springs,9,2025-08-01,2026-04-01,74.6857654889913,0,0,20,1127,1.774622892635315
Comal Springs,9,1955-04-01,1955-12-01,75.30836320191159,0,0,21,1127,1.8633540372670807
Comal Springs,9,2024-08-01,2025-04-01,75.36869772998806,0,0,22,1127,1.9520851818988465
Comal Springs,9,2024-07-01,2025-03-01,79.0605734767025,0,0,23,1127,2.0408163265306123
Comal Springs,9,1955-03-01,1955-11-01,79.61660692951016,0,0,24,1127,2.129547471162378
Comal Springs,9,2025-09-01,2026-05-01,81.11228878648234,0,0,25,1127,2.218278615794144
Comal Springs,9,2024-06-01,2025-02-01,81.13154121863799,0,0,26,1127,2.3070097604259097
Comal Springs,9,2025-07-01,2026-03-01,81.78170336234852,0,0,27,1127,2.3957409050576755
Comal Springs,9,2024-11-01,2025-07-01,82.82951015531661,0,0,28,1127,2.484472049689441
Comal Springs,9,1956-10-01,1957-06-01,83.14580986516471,0,0,29,1127,2.5732031943212066
Comal Springs,9,2024-12-01,2025-08-01,85.32401433691756,0,0,30,1127,2.6619343389529724
Comal Springs,9,2024-05-01,2025-01-01,85.68709677419355,0,0,31,1127,2.750665483584738
Comal Springs,9,2025-04-01,2025-12-01,85.74755077658304,0,0,32,1127,2.839396628216504
Comal Springs,9,2025-03-01,2025-11-01,85.75113500597372,0,0,33,1127,2.9281277728482697
Comal Springs,9,2025-05-01,2026-01-01,86.48243727598566,0,0,34,1127,3.0168589174800355
Comal Springs,9,1955-02-01,1955-10-01,87.48909370199692,0,0,35,1127,3.1055900621118013
Comal Springs,9,2025-06-01,2026-02-01,87.61479774705582,0,0,36,1127,3.1943212067435667
Comal Springs,9,2025-02-01,2025-10-01,88.14743130227001,0,0,37,1127,3.2830523513753325
Comal Springs,9,2025-01-01,2025-09-01,88.7925925925926,0,0,38,1127,3.3717834960070983
Comal Springs,9,2025-10-01,2026-06-01,89.53451100870456,0,0,39,1127,3.460514640638864
Comal Springs,9,1984-04-01,1984-12-01,94.08506571087216,0,0,40,1127,3.54924578527063
Comal Springs,9,2024-04-01,2024-12-01,94.34934289127837,0,0,41,1127,3.6379769299023956
Comal Springs,9,1955-01-01,1955-09-01,96.15934459805428,0,0,42,1127,3.7267080745341614
Comal Springs,9,1984-03-01,1984-11-01,97.88076463560334,0,0,43,1127,3.815439219165927
Comal Springs,9,1956-11-01,1957-07-01,100.57233316265574,0,0,44,1127,3.904170363797693
Comal Springs,9,1984-05-01,1985-01-01,101.07275985663082,0,0,45,1127,3.9929015084294592
Comal Springs,9,2025-11-01,2026-07-01,103.29078341013825,0,0,46,1127,4.081632653061225
Comal Springs,9,1954-12-01,1955-08-01,104.49912954429084,0,0,47,1127,4.17036379769299
Comal Springs,9,1984-02-01,1984-10-01,105.32188851810653,0,0,48,1127,4.259094942324756
Comal Springs,9,2024-03-01,2024-11-01,105.34575866188769,0,0,49,1127,4.3478260869565215
Comal Springs,9,1956-12-01,1957-08-01,108.39849803720772,0,0,50,1127,4.436557231588288
Comal Springs,12,1956-04-01,1957-03-01,24.678443420378905,0,0,1,1124,0.0889679715302491
Comal Springs,12,1956-03-01,1957-02-01,24.998335893497185,0,0,2,1124,0.1779359430604982
Comal Springs,12,1956-02-01,1957-01-01,28.6489927079471,0,0,3,1124,0.26690391459074736
Comal Springs,12,1956-05-01,1957-04-01,29.872887864823348,0,0,4,1124,0.3558718861209964
Comal Springs,12,1956-01-01,1956-12-01,31.96619700902237,0,0,5,1124,0.4448398576512456
Comal Springs,12,1955-12-01,1956-11-01,36.51996044988258,0,0,6,1124,0.5338078291814947
Comal Springs,12,1955-11-01,1956-10-01,40.722738227660365,0,0,7,1124,0.6227758007117438
Comal Springs,12,1956-06-01,1957-05-01,42.86213517665131,0,0,8,1124,0.7117437722419928
Comal Springs,12,1955-10-01,1956-09-01,45.612523173896925,0,0,9,1124,0.800711743772242
Comal Springs,12,1955-09-01,1956-08-01,50.12918984056359,0,0,10,1124,0.8896797153024912
Comal Springs,12,1955-08-01,1956-07-01,54.4571468298109,0,0,11,1124,0.9786476868327402
Comal Springs,12,1955-07-01,1956-06-01,59.863060808305526,0,0,12,1124,1.0676156583629894
Comal Springs,12,1956-07-01,1957-06-01,62.35935739887353,0,0,13,1124,1.1565836298932384
Comal Springs,12,1955-06-01,1956-05-01,66.8547274749722,0,0,14,1124,1.2455516014234875
Comal Springs,12,1955-05-01,1956-04-01,72.29289951798295,0,0,15,1124,1.3345195729537367
Comal Springs,12,1956-08-01,1957-07-01,75.42924987199181,0,0,16,1124,1.4234875444839856
Comal Springs,12,1955-04-01,1956-03-01,77.61234396242739,0,0,17,1124,1.5124555160142348
Comal Springs,12,2024-06-01,2025-05-01,77.64695340501792,0,0,18,1124,1.601423487544484
Comal Springs,12,2024-07-01,2025-06-01,79.61639784946236,0,0,19,1124,1.6903914590747333
Comal Springs,12,2025-04-01,2026-03-01,81.65724526369688,0,0,20,1124,1.7793594306049825
Comal Springs,12,2024-09-01,2025-08-01,82.3018817204301,0,0,21,1124,1.8683274021352312
Comal Springs,12,2025-03-01,2026-02-01,82.50939580133128,0,0,22,1124,1.9572953736654803
Comal Springs,12,2025-05-01,2026-04-01,82.51280081925243,0,0,23,1124,2.0462633451957295
Comal Springs,12,2024-12-01,2025-11-01,82.59023297491039,0,0,24,1124,2.135231316725979
Comal Springs,12,1955-03-01,1956-02-01,82.59352675812632,0,0,25,1124,2.224199288256228
Comal Springs,12,2024-10-01,2025-09-01,82.62410394265233,0,0,26,1124,2.3131672597864767
Comal Springs,12,2024-11-01,2025-10-01,82.80689964157706,0,0,27,1124,2.4021352313167257
Comal Springs,12,2024-08-01,2025-07-01,83.025,0,0,28,1124,2.491103202846975
Comal Springs,12,1956-09-01,1957-08-01,83.09054019457245,0,0,29,1124,2.580071174377224
Comal Springs,12,2024-05-01,2025-04-01,83.19265232974911,0,0,30,1124,2.6690391459074734
Comal Springs,12,2025-01-01,2025-12-01,83.6413082437276,0,0,31,1124,2.7580071174377228
Comal Springs,12,2025-02-01,2026-01-01,83.78915770609319,0,0,32,1124,2.8469750889679712
Comal Springs,12,1955-02-01,1956-01-01,86.71072708653354,0,0,33,1124,2.9359430604982206
Comal Springs,12,2025-06-01,2026-05-01,89.75204813108039,0,0,34,1124,3.0249110320284696
Comal Springs,12,2024-04-01,2025-03-01,90.0926523297491,0,0,35,1124,3.113879003558719
Comal Springs,12,1955-01-01,1955-12-01,90.52255504352279,0,0,36,1124,3.202846975088968
Comal Springs,12,1956-10-01,1957-09-01,93.17387352790578,0,0,37,1124,3.291814946619217
Comal Springs,12,1954-12-01,1955-11-01,93.7752432155658,0,0,38,1124,3.3807829181494666
Comal Springs,12,2025-07-01,2026-06-01,94.09371479774705,0,0,39,1124,3.469750889679715
Comal Springs,12,2024-03-01,2025-02-01,97.28620071684588,0,0,40,1124,3.558718861209965
Comal Springs,12,1954-11-01,1955-10-01,98.08913210445469,0,0,41,1124,3.6476868327402134
Comal Springs,12,2025-08-01,2026-07-01,98.1528545826933,0,0,42,1124,3.7366548042704624
Comal Springs,12,1954-10-01,1955-09-01,102.25579877112135,0,0,43,1124,3.8256227758007118
Comal Springs,12,1954-09-01,1955-08-01,104.20579877112135,0,0,44,1124,3.9145907473309607
Comal Springs,12,2024-02-01,2025-01-01,105.15114324558151,0,0,45,1124,4.0035587188612105
Comal Springs,12,1954-08-01,1955-07-01,106.82676651305684,0,0,46,1124,4.092526690391459
Comal Springs,12,1956-11-01,1957-10-01,109.35666922683052,0,0,47,1124,4.1814946619217075
Comal Springs,12,1954-07-01,1955-06-01,110.15741167434716,0,0,48,1124,4.270462633451958
Comal Springs,12,2024-01-01,2024-12-01,111.93877765418365,0,0,49,1124,4.359430604982206
Comal Springs,12,1954-06-01,1955-05-01,112.87130056323605,0,0,50,1124,4.448398576512456
Comal Springs,18,1955-09-01,1957-02-01,42.18686900789237,0,0,1,1118,0.08944543828264759
Comal Springs,18,1955-08-01,1957-01-01,42.31820541342232,0,0,2,1118,0.17889087656529518
Comal Springs,18,1955-10-01,1957-03-01,42.80837438423645,0,0,3,1118,0.26833631484794274
Comal Springs,18,1955-07-01,1956-12-01,43.079854158942034,0,0,4,1118,0.35778175313059035
Comal Springs,18,1955-11-01,1957-04-01,45.315184420078744,0,0,5,1118,0.4472271914132379
Comal Springs,18,1955-06-01,1956-11-01,45.96981831664813,0,0,6,1118,0.5366726296958855
Comal Springs,18,1955-05-01,1956-10-01,49.94383265356569,0,0,7,1118,0.6261180679785331
Comal Springs,18,1955-12-01,1957-05-01,51.521397084355925,0,0,8,1118,0.7155635062611807
Comal Springs,18,1955-04-01,1956-09-01,55.79383265356569,0,0,9,1118,0.8050089445438283
Comal Springs,18,1956-01-01,1957-06-01,59.712555985192246,0,0,10,1118,0.8944543828264758
Comal Springs,18,1955-03-01,1956-08-01,62.96049932023236,0,0,11,1118,0.9838998211091234
Comal Springs,18,1956-03-01,1957-08-01,63.29184161119645,0,0,12,1118,1.073345259391771
Comal Springs,18,1956-02-01,1957-07-01,63.37205419307755,0,0,13,1118,1.1627906976744187
Comal Springs,18,1956-04-01,1957-09-01,66.16818569721795,0,0,14,1118,1.2522361359570662
Comal Springs,18,1955-02-01,1956-07-01,70.89303900277204,0,0,15,1118,1.3416815742397137
Comal Springs,18,1956-05-01,1957-10-01,74.65301245946407,0,0,16,1118,1.4311270125223614
Comal Springs,18,2024-10-01,2026-03-01,78.01169994879672,0,0,17,1118,1.520572450805009
Comal Springs,18,1955-01-01,1956-06-01,78.48802108162509,0,0,18,1118,1.6100178890876566
Comal Springs,18,2024-11-01,2026-04-01,78.75763782215395,0,0,19,1118,1.6994633273703041
Comal Springs,18,2024-09-01,2026-02-01,79.39676565966889,0,0,20,1118,1.7889087656529516
Comal Springs,18,2024-08-01,2026-01-01,80.92556750298685,0,0,21,1118,1.8783542039355994
Comal Springs,18,2024-07-01,2025-12-01,82.40406212664277,0,0,22,1118,1.9677996422182469
Comal Springs,18,2024-12-01,2026-05-01,83.21815156169995,0,0,23,1118,2.0572450805008944
Comal Springs,18,2024-06-01,2025-11-01,83.44133811230586,0,0,24,1118,2.146690518783542
Comal Springs,18,1954-12-01,1956-05-01,85.46346911029892,0,0,25,1118,2.23613595706619
Comal Springs,18,1956-06-01,1957-11-01,86.2137054104796,0,0,26,1118,2.3255813953488373
Comal Springs,18,2024-05-01,2025-10-01,86.91726403823178,0,0,27,1118,2.415026833631485
Comal Springs,18,2025-01-01,2026-06-01,89.16355180064858,0,0,28,1118,2.5044722719141324
Comal Springs,18,1954-11-01,1956-04-01,90.79268057983298,0,0,29,1118,2.59391771019678
Comal Springs,18,2024-04-01,2025-09-01,91.57096774193549,0,0,30,1118,2.6833631484794274
Comal Springs,18,1954-08-01,1956-01-01,94.43672128349547,0,0,31,1118,2.7728085867620753
Comal Springs,18,1954-10-01,1956-03-01,94.52661128473142,0,0,32,1118,2.862254025044723
Comal Springs,18,1954-09-01,1956-02-01,94.99184425964181,0,0,33,1118,2.9516994633273703
Comal Springs,18,1954-07-01,1955-12-01,95.2073306024919,0,0,34,1118,3.041144901610018
Comal Springs,18,2024-03-01,2025-08-01,95.33488649940263,0,0,35,1118,3.1305903398926653
Comal Springs,18,2025-02-01,2026-07-01,95.71910735620413,0,0,36,1118,3.2200357781753133
Comal Springs,18,1954-06-01,1955-11-01,96.87071172555044,0,0,37,1118,3.309481216457961
Comal Springs,18,1956-07-01,1957-12-01,100.01890254309609,0,0,38,1118,3.3989266547406083
Comal Springs,18,2024-02-01,2025-07-01,100.38463313146295,0,0,39,1118,3.488372093023256
Comal Springs,18,2024-01-01,2025-06-01,101.0602603716063,0,0,40,1118,3.5778175313059033
Comal Springs,18,1954-05-01,1955-10-01,101.14502474825055,0,0,41,1118,3.667262969588551
Comal Springs,18,2023-12-01,2025-05-01,101.85697482799819,0,0,42,1118,3.7567084078711988
Comal Springs,18,2023-08-01,2025-01-01,104.73391628558481,0,0,43,1118,3.8461538461538463
Comal Springs,18,2023-11-01,2025-04-01,104.94114448152268,0,0,44,1118,3.9355992844364938
Comal Springs,18,2023-07-01,2024-12-01,105.95434639311169,0,0,45,1118,4.025044722719142
Comal Springs,18,2023-09-01,2025-02-01,105.99377291640917,0,0,46,1118,4.114490161001789
Comal Springs,18,1954-04-01,1955-09-01,106.06850145075951,0,0,47,1118,4.203935599284437
Comal Springs,18,2023-10-01,2025-03-01,106.15088163803402,0,0,48,1118,4.293381037567084
Comal Springs,18,2023-06-01,2024-11-01,111.5275244098381,0,0,49,1118,4.382826475849732
Comal Springs,18,1954-03-01,1955-08-01,112.61294589520396,0,0,50,1118,4.47227191413238
Comal Springs,24,1955-05-01,1957-04-01,51.08289369140314,0,0,1,1112,0.08992805755395684
Comal Springs,24,1955-04-01,1957-03-01,51.14539369140314,0,0,2,1112,0.1798561151079137
Comal Springs,24,1955-03-01,1957-02-01,53.79593132581175,0,0,3,1112,0.2697841726618705
Comal Springs,24,1955-06-01,1957-05-01,54.85843132581175,0,0,4,1112,0.3597122302158274
Comal Springs,24,1955-02-01,1957-01-01,57.67985989724032,0,0,5,1112,0.44964028776978415
Comal Springs,24,1955-07-01,1957-06-01,61.11120910358952,0,0,6,1112,0.539568345323741
Comal Springs,24,1955-01-01,1956-12-01,61.244376026272576,0,0,7,1112,0.6294964028776978
Comal Springs,24,1955-08-01,1957-07-01,64.94319835090135,0,0,8,1112,0.7194244604316548
Comal Springs,24,1954-12-01,1956-11-01,65.14760183272419,0,0,9,1112,0.8093525179856115
Comal Springs,24,1955-09-01,1957-08-01,66.60986501756803,0,0,10,1112,0.8992805755395683
Comal Springs,24,1955-10-01,1957-09-01,69.39319835090136,0,0,11,1112,0.9892086330935251
Comal Springs,24,1954-11-01,1956-10-01,69.40593516605752,0,0,12,1112,1.079136690647482
Comal Springs,24,1954-10-01,1956-09-01,73.93416097250913,0,0,13,1112,1.169064748201439
Comal Springs,24,1955-11-01,1957-10-01,75.03970372724544,0,0,14,1112,1.2589928057553956
Comal Springs,24,1954-09-01,1956-08-01,77.16749430584247,0,0,15,1112,1.3489208633093526
Comal Springs,24,1954-08-01,1956-07-01,80.64195667143387,0,0,16,1112,1.4388489208633095
Comal Springs,24,1955-12-01,1957-11-01,81.870259282801,0,0,17,1112,1.5287769784172662
Comal Springs,24,2024-05-01,2026-04-01,82.85272657450076,0,0,18,1112,1.618705035971223
Comal Springs,24,2024-06-01,2026-05-01,83.69950076804915,0,0,19,1112,1.70863309352518
Comal Springs,24,1954-07-01,1956-06-01,85.01023624132634,0,0,20,1112,1.7985611510791366
Comal Springs,24,2024-04-01,2026-03-01,85.87494879672299,0,0,21,1112,1.8884892086330936
Comal Springs,24,2024-07-01,2026-06-01,86.85505632360471,0,0,22,1112,1.9784172661870503
Comal Springs,24,1956-01-01,1957-12-01,88.6189151967795,0,0,23,1112,2.068345323741007
Comal Springs,24,1954-06-01,1956-05-01,89.86301401910411,0,0,24,1112,2.158273381294964
Comal Springs,24,2024-03-01,2026-02-01,89.89779825908857,0,0,25,1112,2.2482014388489207
Comal Springs,24,2024-08-01,2026-07-01,90.58892729134665,0,0,26,1112,2.338129496402878
Comal Springs,24,2024-02-01,2026-01-01,94.47015047583734,0,0,27,1112,2.4280575539568345
Comal Springs,24,1954-05-01,1956-04-01,94.9087129438353,0,0,28,1112,2.5179856115107913
Comal Springs,24,1956-02-01,1958-01-01,96.34203347634939,0,0,29,1112,2.6079136690647484
Comal Springs,24,2024-01-01,2025-12-01,97.79004294895563,0,0,30,1112,2.697841726618705
Comal Springs,24,2023-07-01,2025-06-01,99.29156624644666,0,0,31,1112,2.787769784172662
Comal Springs,24,1954-04-01,1956-03-01,99.31843516605753,0,0,32,1112,2.877697841726619
Comal Springs,24,2023-12-01,2025-11-01,100.15025800271907,0,0,33,1112,2.9676258992805753
Comal Springs,24,2023-06-01,2025-05-01,101.18323291311333,0,0,34,1112,3.0575539568345325
Comal Springs,24,2023-08-01,2025-07-01,101.26334043999506,0,0,35,1112,3.147482014388489
Comal Springs,24,2023-11-01,2025-10-01,102.2974802249413,0,0,36,1112,3.237410071942446
Comal Springs,24,2023-09-01,2025-08-01,102.35339420343591,0,0,37,1112,3.327338129496403
Comal Springs,24,2023-10-01,2025-09-01,103.24506087010258,0,0,38,1112,3.41726618705036
Comal Springs,24,1954-03-01,1956-02-01,103.60069323057365,0,0,39,1112,3.507194244604316
Comal Springs,24,1956-03-01,1958-02-01,105.25777649769586,0,0,40,1112,3.5971223021582732
Comal Springs,24,2023-05-01,2025-04-01,105.6751683969843,0,0,41,1112,3.6870503597122304
Comal Springs,24,1954-02-01,1956-01-01,108.22179339477727,0,0,42,1112,3.776978417266187
Comal Springs,24,2023-04-01,2025-03-01,108.45572395253986,0,0,43,1112,3.8669064748201443
Comal Springs,24,2023-03-01,2025-02-01,110.22588524286243,0,0,44,1112,3.9568345323741005
Comal Springs,24,2023-02-01,2025-01-01,111.80475429048148,0,0,45,1112,4.046762589928058
Comal Springs,24,1954-01-01,1955-12-01,113.01883640552995,0,0,46,1112,4.136690647482014
Comal Springs,24,2023-01-01,2024-12-01,114.0345930001589,0,0,47,1112,4.226618705035971
Comal Springs,24,1956-04-01,1958-03-01,116.4728302611367,0,0,48,1112,4.316546762589928
Comal Springs,24,2022-12-01,2024-11-01,116.76980805392235,0,0,49,1112,4.406474820143885
Comal Springs,24,1953-12-01,1955-11-01,117.16668586789555,0,0,50,1112,4.496402877697841
Comal Springs,36,1954-05-01,1957-04-01,73.23010458416465,0,0,1,1100,0.09090909090909091
Comal Springs,36,1954-06-01,1957-05-01,74.19605440495319,0,0,2,1100,0.18181818181818182
Comal Springs,36,1954-04-01,1957-03-01,74.43843791749798,0,0,3,1100,0.27272727272727276
Comal Springs,36,1954-03-01,1957-02-01,77.39990745154816,0,0,4,1100,0.36363636363636365
Comal Springs,36,1954-07-01,1957-06-01,77.45994329384207,0,0,5,1100,0.45454545454545453
Comal Springs,36,1954-08-01,1957-07-01,78.90438773828652,0,0,6,1100,0.5454545454545455
Comal Springs,36,1954-09-01,1957-08-01,79.14184293541913,0,0,7,1100,0.6363636363636364
Comal Springs,36,1954-10-01,1957-09-01,80.34739849097468,0,0,8,1100,0.7272727272727273
Comal Springs,36,1954-02-01,1957-01-01,81.69752649916721,0,0,9,1100,0.8181818181818182
Comal Springs,36,1954-11-01,1957-10-01,82.72284651964853,0,0,10,1100,0.9090909090909091
Comal Springs,36,1954-12-01,1957-11-01,85.83858726038926,0,0,11,1100,1
Comal Springs,36,1954-01-01,1956-12-01,86.00128994002742,0,0,12,1100,1.090909090909091
Comal Springs,36,1955-01-01,1957-12-01,89.25346181236058,0,0,13,1100,1.1818181818181819
Comal Springs,36,1953-12-01,1956-11-01,90.28444406189122,0,0,14,1100,1.2727272727272727
Comal Springs,36,1955-02-01,1958-01-01,93.13159801307744,0,0,15,1100,1.3636363636363635
Comal Springs,36,1953-11-01,1956-10-01,95.36870332115049,0,0,16,1100,1.4545454545454546
Comal Springs,36,2023-06-01,2026-05-01,97.37283798576902,0,0,17,1100,1.5454545454545454
Comal Springs,36,2023-07-01,2026-06-01,97.55894909688013,0,0,18,1100,1.6363636363636365
Comal Springs,36,1955-03-01,1958-02-01,97.703026584506,0,0,19,1100,1.7272727272727273
Comal Springs,36,2023-05-01,2026-04-01,97.95437920440702,0,0,20,1100,1.8181818181818181
Comal Springs,36,2023-04-01,2026-03-01,99.52289772292553,0,0,21,1100,1.9090909090909092
Comal Springs,36,2023-08-01,2026-07-01,100.22651182089447,0,0,22,1100,2
Comal Springs,36,1953-10-01,1956-09-01,100.77461729964512,0,0,23,1100,2.090909090909091
Comal Springs,36,2023-03-01,2026-02-01,100.98705542901872,0,0,24,1100,2.181818181818182
Comal Springs,36,2023-02-01,2026-01-01,102.46622209568538,0,0,25,1100,2.272727272727273
Comal Springs,36,1955-04-01,1958-03-01,103.51933482823361,0,0,26,1100,2.3636363636363638
Comal Springs,36,2023-01-01,2025-12-01,103.90349808134847,0,0,27,1100,2.4545454545454546
Comal Springs,36,2022-12-01,2025-11-01,105.37661636091836,0,0,28,1100,2.5454545454545454
Comal Springs,36,1953-09-01,1956-08-01,105.86998767001548,0,0,29,1100,2.6363636363636362
Comal Springs,36,2022-11-01,2025-10-01,106.8886533979554,0,0,30,1100,2.727272727272727
Comal Springs,36,2022-10-01,2025-09-01,107.73632364885145,0,0,31,1100,2.8181818181818183
Comal Springs,36,2022-07-01,2025-06-01,108.06338458075109,0,0,32,1100,2.909090909090909
Comal Springs,36,2022-09-01,2025-08-01,108.40299031551812,0,0,33,1100,3
Comal Springs,36,2022-08-01,2025-07-01,108.78202257358264,0,0,34,1100,3.090909090909091
Comal Springs,36,2022-06-01,2025-05-01,108.80505124741777,0,0,35,1100,3.1818181818181817
Comal Springs,36,1953-08-01,1956-07-01,109.33772960549935,0,0,36,1100,3.272727272727273
Comal Springs,36,1955-05-01,1958-04-01,109.99711260601138,0,0,37,1100,3.3636363636363638
Comal Springs,36,2022-05-01,2025-04-01,112.37852794992672,0,0,38,1100,3.4545454545454546
Comal Springs,36,1953-07-01,1956-06-01,113.29561491015885,0,0,39,1100,3.5454545454545454
Comal Springs,36,2022-04-01,2025-03-01,116.69056498696376,0,0,40,1100,3.6363636363636362
Comal Springs,36,1955-06-01,1958-05-01,117.00159289274973,0,0,41,1100,3.727272727272727
Comal Springs,36,1953-06-01,1956-05-01,118.03172602126996,0,0,42,1100,3.8181818181818183
Comal Springs,36,2022-03-01,2025-02-01,122.0660130156376,0,0,43,1100,3.909090909090909
Comal Springs,36,1953-05-01,1956-04-01,122.86326723990796,0,0,44,1100,4
Comal Springs,36,1955-07-01,1958-06-01,123.23029659645344,0,0,45,1100,4.090909090909091
Comal Springs,36,1953-04-01,1956-03-01,127.50308205472277,0,0,46,1100,4.181818181818182
Comal Springs,36,2022-02-01,2025-01-01,127.53724317436776,0,0,47,1100,4.2727272727272725
Comal Springs,36,1955-08-01,1958-07-01,129.80556541365775,0,0,48,1100,4.363636363636364
Comal Springs,36,1953-03-01,1956-02-01,131.66258026260806,0,0,49,1100,4.454545454545455
Comal Springs,36,2022-01-01,2024-12-01,133.13401736791613,0,0,50,1100,4.545454545454546
Comal Springs,48,1953-11-01,1957-10-01,98.8656947975705,0,0,1,1088,0.09191176470588235
Comal Springs,48,1953-10-01,1957-09-01,98.87443135671028,0,0,2,1088,0.1838235294117647
Comal Springs,48,1953-06-01,1957-05-01,99.2393283101153,0,0,3,1088,0.2757352941176471
Comal Springs,48,1953-12-01,1957-11-01,99.51847257534827,0,0,4,1088,0.3676470588235294
Comal Springs,48,1953-05-01,1957-04-01,99.6156723961368,0,0,5,1088,0.4595588235294118
Comal Springs,48,1953-09-01,1957-08-01,100.17512580115472,0,0,6,1088,0.5514705882352942
Comal Springs,48,1953-07-01,1957-06-01,100.56155053233752,0,0,7,1088,0.6433823529411764
Comal Springs,48,1954-01-01,1957-12-01,100.81887580115472,0,0,8,1088,0.7352941176470588
Comal Springs,48,1953-08-01,1957-07-01,100.86060967212246,0,0,9,1088,0.8272058823529412
Comal Springs,48,1953-04-01,1957-03-01,101.79692239613681,0,0,10,1088,0.9191176470588236
Comal Springs,48,1954-02-01,1958-01-01,102.28191343556333,0,0,11,1088,1.0110294117647058
Comal Springs,48,2022-06-01,2026-05-01,104.04180046833342,0,0,12,1088,1.1029411764705883
Comal Springs,48,1954-03-01,1958-02-01,104.42923486413476,0,0,13,1088,1.1948529411764706
Comal Springs,48,2022-07-01,2026-06-01,104.57096713500009,0,0,14,1088,1.2867647058823528
Comal Springs,48,2022-05-01,2026-04-01,104.91209616725816,0,0,15,1088,1.3786764705882353
Comal Springs,48,1953-03-01,1957-02-01,104.99651917033034,0,0,16,1088,1.4705882352941175
Comal Springs,48,2022-08-01,2026-07-01,106.1247305758603,0,0,17,1088,1.5625
Comal Springs,48,1954-04-01,1958-03-01,107.89563271359712,0,0,18,1088,1.6544117647058825
Comal Springs,48,2022-04-01,2026-03-01,107.93223505614704,0,0,19,1088,1.7463235294117647
Comal Springs,48,1953-02-01,1957-01-01,108.68253107509226,0,0,20,1088,1.8382352941176472
Comal Springs,48,1954-05-01,1958-04-01,111.87896604693046,0,0,21,1088,1.9301470588235294
Comal Springs,48,2022-03-01,2026-02-01,112.17685871206102,0,0,22,1088,2.0220588235294117
Comal Springs,48,1953-01-01,1956-12-01,112.40968161272666,0,0,23,1088,2.1139705882352944
Comal Springs,48,1954-06-01,1958-05-01,115.96901981037131,0,0,24,1088,2.2058823529411766
Comal Springs,48,1952-12-01,1956-11-01,116.33038053745784,0,0,25,1088,2.297794117647059
Comal Springs,48,2022-02-01,2026-01-01,116.60022180729912,0,0,26,1088,2.389705882352941
Comal Springs,48,1954-07-01,1958-06-01,119.96207536592686,0,0,27,1088,2.4816176470588234
Comal Springs,48,1952-11-01,1956-10-01,120.03038053745784,0,0,28,1088,2.5735294117647056
Comal Springs,48,2022-01-01,2025-12-01,120.76084008686901,0,0,29,1088,2.6654411764705883
Comal Springs,48,1952-10-01,1956-09-01,124.05255795681268,0,0,30,1088,2.7573529411764706
Comal Springs,48,1954-08-01,1958-07-01,124.0608656885075,0,0,31,1088,2.849264705882353
Comal Springs,48,2021-12-01,2025-11-01,125.06191535568621,0,0,32,1088,2.941176470588235
Comal Springs,48,1952-09-01,1956-08-01,127.63658573459047,0,0,33,1088,3.0330882352941178
Comal Springs,48,1954-09-01,1958-08-01,127.83169902184085,0,0,34,1088,3.125
Comal Springs,48,2021-11-01,2025-10-01,129.68344313346398,0,0,35,1088,3.2169117647058822
Comal Springs,48,1952-08-01,1956-07-01,130.37583304641842,0,0,36,1088,3.308823529411765
Comal Springs,48,1954-10-01,1958-09-01,132.06642124406306,0,0,37,1088,3.4007352941176467
Comal Springs,48,1952-07-01,1956-06-01,133.7199190679238,0,0,38,1088,3.4926470588235294
Comal Springs,48,2021-10-01,2025-09-01,133.9032011979801,0,0,39,1088,3.5845588235294117
Comal Springs,48,1954-11-01,1958-10-01,136.59263092148242,0,0,40,1088,3.6764705882352944
Comal Springs,48,1952-06-01,1956-05-01,137.33519684570157,0,0,41,1088,3.768382352941176
Comal Springs,48,2021-09-01,2025-08-01,137.47820119798013,0,0,42,1088,3.860294117647059
Comal Springs,48,1952-05-01,1956-04-01,140.5139602865618,0,0,43,1088,3.952205882352941
Comal Springs,48,1954-12-01,1958-11-01,140.9717975881491,0,0,44,1088,4.044117647058823
Comal Springs,48,2021-08-01,2025-07-01,141.5890882947543,0,0,45,1088,4.136029411764706
Comal Springs,48,1952-04-01,1956-03-01,143.4875713976729,0,0,46,1088,4.227941176470589
Comal Springs,48,2021-07-01,2025-06-01,144.70333560658227,0,0,47,1088,4.31985294117647
Comal Springs,48,1955-01-01,1958-12-01,145.32865242685875,0,0,48,1088,4.411764705882353
Comal Springs,48,1952-03-01,1956-02-01,145.77923806433955,0,0,49,1088,4.5036764705882355
Comal Springs,48,1952-02-01,1956-01-01,147.61831852410967,0,0,50,1088,4.595588235294118
Comal Springs,60,1952-10-01,1957-09-01,117.8768210710313,0,0,1,1076,0.09293680297397769
Comal Springs,60,1952-11-01,1957-10-01,117.89563827533237,0,0,2,1076,0.18587360594795538
Comal Springs,60,1952-05-01,1957-04-01,118.3857458022141,0,0,3,1076,0.2788104089219331
Comal Springs,60,1952-06-01,1957-05-01,118.44058451189152,0,0,4,1076,0.37174721189591076
Comal Springs,60,1952-12-01,1957-11-01,118.50841605311015,0,0,5,1076,0.4646840148698885
Comal Springs,60,1952-09-01,1957-08-01,118.72737662658686,0,0,6,1076,0.5576208178438662
Comal Springs,60,1953-01-01,1957-12-01,118.98207196708866,0,0,7,1076,0.6505576208178439
Comal Springs,60,1952-08-01,1957-07-01,119.3865164115331,0,0,8,1076,0.7434944237918215
Comal Springs,60,1952-07-01,1957-06-01,119.44780673411374,0,0,9,1076,0.8364312267657992
Comal Springs,60,1952-04-01,1957-03-01,119.7257458022141,0,0,10,1076,0.929368029739777
Comal Springs,60,1953-02-01,1958-01-01,119.75303970902414,0,0,11,1076,1.0223048327137547
Comal Springs,60,1953-03-01,1958-02-01,121.10065875664318,0,0,12,1076,1.1152416356877324
Comal Springs,60,1952-03-01,1957-02-01,121.62305763017109,0,0,13,1076,1.20817843866171
Comal Springs,60,1953-04-01,1958-03-01,123.09098133728834,0,0,14,1076,1.3011152416356877
Comal Springs,60,1952-02-01,1957-01-01,123.82445336087716,0,0,15,1076,1.3940520446096654
Comal Springs,60,1953-05-01,1958-04-01,125.25764800395501,0,0,16,1076,1.486988847583643
Comal Springs,60,1952-01-01,1956-12-01,126.16423830711372,0,0,17,1076,1.5799256505576207
Comal Springs,60,1953-06-01,1958-05-01,127.64904585341738,0,0,18,1076,1.6728624535315983
Comal Springs,60,1951-12-01,1956-11-01,128.9330555114148,0,0,19,1076,1.7657992565055762
Comal Springs,60,1953-07-01,1958-06-01,129.94293474230628,0,0,20,1076,1.858736059479554
Comal Springs,60,1951-11-01,1956-10-01,131.76472217808146,0,0,21,1076,1.9516728624535316
Comal Springs,60,1953-08-01,1958-07-01,132.59454764553206,0,0,22,1076,2.0446096654275094
Comal Springs,60,2021-08-01,2026-07-01,132.90184155234212,0,0,23,1076,2.137546468401487
Comal Springs,60,2021-07-01,2026-06-01,134.58141144481522,0,0,24,1076,2.2304832713754648
Comal Springs,60,1951-10-01,1956-09-01,134.8217114253933,0,0,25,1076,2.323420074349442
Comal Springs,60,1953-09-01,1958-08-01,134.92035409714498,0,0,26,1076,2.41635687732342
Comal Springs,60,1953-10-01,1958-09-01,136.54424298603385,0,0,27,1076,2.509293680297398
Comal Springs,60,2021-06-01,2026-05-01,136.70474477814855,0,0,28,1076,2.6022304832713754
Comal Springs,60,1951-09-01,1956-08-01,137.7856003142822,0,0,29,1076,2.6951672862453533
Comal Springs,60,1953-11-01,1958-10-01,138.7329526634532,0,0,30,1076,2.7881040892193307
Comal Springs,60,2021-05-01,2026-04-01,138.7391533802991,0,0,31,1076,2.8810408921933086
Comal Springs,60,1951-08-01,1956-07-01,140.75603042180907,0,0,32,1076,2.973977695167286
Comal Springs,60,1953-12-01,1958-11-01,140.88906377456433,0,0,33,1076,3.066914498141264
Comal Springs,60,2021-04-01,2026-03-01,141.03637560252133,0,0,34,1076,3.1598513011152414
Comal Springs,60,1954-01-01,1958-12-01,143.36594549499443,0,0,35,1076,3.2527881040892193
Comal Springs,60,1951-07-01,1956-06-01,143.8893637551424,0,0,36,1076,3.3457249070631967
Comal Springs,60,2021-03-01,2026-02-01,144.14981646273637,0,0,37,1076,3.4386617100371746
Comal Springs,60,1954-02-01,1959-01-01,145.51164441972563,0,0,38,1076,3.5315985130111525
Comal Springs,60,2021-02-01,2026-01-01,147.29505455797448,0,0,39,1076,3.62453531598513
Comal Springs,60,1951-06-01,1956-05-01,147.36380819958686,0,0,40,1076,3.717472118959108
Comal Springs,60,1954-03-01,1959-02-01,147.7330729911542,0,0,41,1076,3.8104089219330852
Comal Springs,60,1954-04-01,1959-03-01,150.44436331373484,0,0,42,1076,3.903345724907063
Comal Springs,60,1951-05-01,1956-04-01,150.48585121033952,0,0,43,1076,3.9962825278810405
Comal Springs,60,2021-01-01,2025-12-01,150.58483950421103,0,0,44,1076,4.089219330855019
Comal Springs,60,1951-04-01,1956-03-01,153.38918454367285,0,0,45,1076,4.182156133828997
Comal Springs,60,1954-05-01,1959-04-01,153.47269664706818,0,0,46,1076,4.275092936802974
Comal Springs,60,2020-12-01,2025-11-01,153.66010832141532,0,0,47,1076,4.368029739776952
Comal Springs,60,1951-03-01,1956-02-01,155.93058239313524,0,0,48,1076,4.4609665427509295
Comal Springs,60,1954-06-01,1959-05-01,156.36463213093913,0,0,49,1076,4.553903345724907
Comal Springs,60,2020-11-01,2025-10-01,156.75344165474866,0,0,50,1076,4.646840148698884
San Marcos Springs,1,1956-08-01,1956-08-01,53.54838709677419,0,0,1,842,0.11876484560570072
San Marcos Springs,1,1956-07-01,1956-07-01,54.54838709677419,0,0,2,842,0.23752969121140144
San Marcos Springs,1,1956-09-01,1956-09-01,59.13333333333333,0,0,3,842,0.35629453681710216
San Marcos Springs,1,1956-06-01,1956-06-01,63.63333333333333,0,0,4,842,0.4750593824228029
San Marcos Springs,1,1956-10-01,1956-10-01,64.58064516129032,0,0,5,842,0.5938242280285035
San Marcos Springs,1,2023-09-01,2023-09-01,69,0,0,6,842,0.7125890736342043
San Marcos Springs,1,1956-11-01,1956-11-01,70.26666666666667,0,0,7,842,0.831353919239905
San Marcos Springs,1,1956-12-01,1956-12-01,72,0,0,8,842,0.9501187648456058
San Marcos Springs,1,1984-09-01,1984-09-01,72.16666666666667,0,0,9,842,1.0688836104513064
San Marcos Springs,1,1957-02-01,1957-02-01,72.39285714285714,0,0,10,842,1.187648456057007
San Marcos Springs,1,2023-08-01,2023-08-01,73.83870967741936,0,0,11,842,1.3064133016627077
San Marcos Springs,1,1957-01-01,1957-01-01,74.25806451612904,0,0,12,842,1.4251781472684086
San Marcos Springs,1,1984-08-01,1984-08-01,74.61290322580645,0,0,13,842,1.5439429928741093
San Marcos Springs,1,2026-03-01,2026-03-01,76.3225806451613,0,0,14,842,1.66270783847981
San Marcos Springs,1,2026-04-01,2026-04-01,78.13333333333334,0,0,15,842,1.7814726840855106
San Marcos Springs,1,2023-10-01,2023-10-01,78.74193548387096,0,0,16,842,1.9002375296912115
San Marcos Springs,1,2026-02-01,2026-02-01,80.42857142857143,0,0,17,842,2.019002375296912
San Marcos Springs,1,1996-08-01,1996-08-01,80.70967741935483,0,0,18,842,2.137767220902613
San Marcos Springs,1,2025-12-01,2025-12-01,81.03225806451613,0,0,19,842,2.2565320665083135
San Marcos Springs,1,1963-10-01,1963-10-01,81.7741935483871,0,0,20,842,2.375296912114014
San Marcos Springs,1,2024-11-01,2024-11-01,81.8,0,0,21,842,2.494061757719715
San Marcos Springs,1,1989-11-01,1989-11-01,81.86666666666666,0,0,22,842,2.6128266033254155
San Marcos Springs,1,1989-10-01,1989-10-01,82.41935483870968,0,0,23,842,2.7315914489311166
San Marcos Springs,1,2025-01-01,2025-01-01,83.19354838709677,0,0,24,842,2.8503562945368173
San Marcos Springs,1,2024-12-01,2024-12-01,83.70967741935483,0,0,25,842,3.0878859857482186
San Marcos Springs,1,2026-01-01,2026-01-01,83.70967741935483,0,0,25,842,3.0878859857482186
San Marcos Springs,1,1989-12-01,1989-12-01,83.80645161290323,0,0,27,842,3.2066508313539197
San Marcos Springs,1,1967-08-01,1967-08-01,84.16129032258064,0,0,28,842,3.44418052256532
San Marcos Springs,1,1990-01-01,1990-01-01,84.16129032258064,0,0,28,842,3.44418052256532
San Marcos Springs,1,1967-07-01,1967-07-01,84.19354838709677,0,0,30,842,3.5629453681710213
San Marcos Springs,1,1964-01-01,1964-01-01,84.2258064516129,0,0,31,842,3.681710213776722
San Marcos Springs,1,1996-07-01,1996-07-01,84.3225806451613,0,0,32,842,3.800475059382423
San Marcos Springs,1,1990-02-01,1990-02-01,84.53571428571429,0,0,33,842,3.9192399049881232
San Marcos Springs,1,2022-10-01,2022-10-01,84.61290322580645,0,0,34,842,4.038004750593824
San Marcos Springs,1,2025-02-01,2025-02-01,84.64285714285714,0,0,35,842,4.156769596199525
San Marcos Springs,1,2023-12-01,2023-12-01,84.6774193548387,0,0,36,842,4.394299287410926
San Marcos Springs,1,2025-05-01,2025-05-01,84.6774193548387,0,0,36,842,4.394299287410926
San Marcos Springs,1,1964-02-01,1964-02-01,84.82758620689656,0,0,38,842,4.513064133016627
San Marcos Springs,1,2023-03-01,2023-03-01,84.93548387096774,0,0,39,842,4.631828978622328
San Marcos Springs,1,1984-07-01,1984-07-01,85.48387096774194,0,0,40,842,4.750593824228028
San Marcos Springs,1,2025-03-01,2025-03-01,85.61290322580645,0,0,41,842,4.86935866983373
San Marcos Springs,1,2025-11-01,2025-11-01,85.73333333333333,0,0,42,842,4.98812351543943
San Marcos Springs,1,1984-10-01,1984-10-01,86.19354838709677,0,0,43,842,5.10688836104513
San Marcos Springs,1,1963-11-01,1963-11-01,86.2,0,0,44,842,5.225653206650831
San Marcos Springs,1,1963-12-01,1963-12-01,86.38709677419355,0,0,45,842,5.344418052256532
San Marcos Springs,1,2023-07-01,2023-07-01,86.41935483870968,0,0,46,842,5.463182897862233
San Marcos Springs,1,1989-09-01,1989-09-01,86.5,0,0,47,842,5.581947743467933
San Marcos Springs,1,2009-08-01,2009-08-01,86.64516129032258,0,0,48,842,5.7007125890736345
San Marcos Springs,1,2025-04-01,2025-04-01,86.7,0,0,49,842,5.819477434679335
San Marcos Springs,1,2022-12-01,2022-12-01,87.09677419354838,0,0,50,842,5.938242280285035
San Marcos Springs,3,1956-07-01,1956-09-01,55.74336917562724,0,0,1,840,0.11904761904761905
San Marcos Springs,3,1956-06-01,1956-08-01,57.24336917562724,0,0,2,840,0.2380952380952381
San Marcos Springs,3,1956-08-01,1956-10-01,59.08745519713261,0,0,3,840,0.35714285714285715
San Marcos Springs,3,1956-09-01,1956-11-01,64.66021505376344,0,0,4,840,0.4761904761904762
San Marcos Springs,3,1956-10-01,1956-12-01,68.94910394265233,0,0,5,840,0.5952380952380952
San Marcos Springs,3,1956-11-01,1957-01-01,72.17491039426524,0,0,6,840,0.7142857142857143
San Marcos Springs,3,1956-12-01,1957-02-01,72.88364055299539,0,0,7,840,0.8333333333333334
San Marcos Springs,3,2023-08-01,2023-10-01,73.86021505376344,0,0,8,840,0.9523809523809524
San Marcos Springs,3,2023-07-01,2023-09-01,76.41935483870968,0,0,9,840,1.0714285714285714
San Marcos Springs,3,1984-07-01,1984-09-01,77.42114695340501,0,0,10,840,1.1904761904761905
San Marcos Springs,3,1984-08-01,1984-10-01,77.65770609318996,0,0,11,840,1.3095238095238095
San Marcos Springs,3,2026-02-01,2026-04-01,78.29482846902202,0,0,12,840,1.4285714285714286
San Marcos Springs,3,2023-09-01,2023-11-01,78.53620071684587,0,0,13,840,1.5476190476190477
San Marcos Springs,3,1957-01-01,1957-03-01,79.92665130568356,0,0,14,840,1.6666666666666667
San Marcos Springs,3,2026-01-01,2026-03-01,80.15360983102919,0,0,15,840,1.7857142857142856
San Marcos Springs,3,2026-03-01,2026-05-01,80.85089605734767,0,0,16,840,1.9047619047619049
San Marcos Springs,3,2025-12-01,2026-02-01,81.72350230414746,0,0,17,840,2.0238095238095237
San Marcos Springs,3,1989-10-01,1989-12-01,82.69749103942652,0,0,18,840,2.142857142857143
San Marcos Springs,3,2024-11-01,2025-01-01,82.9010752688172,0,0,19,840,2.261904761904762
San Marcos Springs,3,2023-06-01,2023-08-01,83.21935483870968,0,0,20,840,2.380952380952381
San Marcos Springs,3,1989-11-01,1990-01-01,83.27813620071684,0,0,21,840,2.5
San Marcos Springs,3,2025-11-01,2026-01-01,83.49175627240143,0,0,22,840,2.619047619047619
San Marcos Springs,3,1989-09-01,1989-11-01,83.59534050179211,0,0,23,840,2.738095238095238
San Marcos Springs,3,2023-10-01,2023-12-01,83.76200716845878,0,0,24,840,2.857142857142857
San Marcos Springs,3,2024-12-01,2025-02-01,83.84869431643625,0,0,25,840,2.976190476190476
San Marcos Springs,3,1989-12-01,1990-02-01,84.16781874039938,0,0,26,840,3.0952380952380953
San Marcos Springs,3,2024-10-01,2024-12-01,84.2989247311828,0,0,27,840,3.214285714285714
San Marcos Springs,3,2025-01-01,2025-03-01,84.48310291858678,0,0,28,840,3.3333333333333335
San Marcos Springs,3,1963-10-01,1963-12-01,84.78709677419356,0,0,29,840,3.4523809523809526
San Marcos Springs,3,2025-10-01,2025-12-01,85.10465949820788,0,0,30,840,3.571428571428571
San Marcos Springs,3,1963-12-01,1964-02-01,85.146829810901,0,0,31,840,3.6904761904761907
San Marcos Springs,3,1963-09-01,1963-11-01,85.59139784946237,0,0,32,840,3.8095238095238098
San Marcos Springs,3,1963-11-01,1964-01-01,85.60430107526882,0,0,33,840,3.9285714285714284
San Marcos Springs,3,2025-02-01,2025-04-01,85.65192012288786,0,0,34,840,4.0476190476190474
San Marcos Springs,3,2025-03-01,2025-05-01,85.66344086021505,0,0,35,840,4.166666666666666
San Marcos Springs,3,1984-09-01,1984-11-01,85.6978494623656,0,0,36,840,4.285714285714286
San Marcos Springs,3,1964-01-01,1964-03-01,86.12532443455692,0,0,37,840,4.404761904761905
San Marcos Springs,3,1996-06-01,1996-08-01,86.45519713261649,0,0,38,840,4.523809523809524
San Marcos Springs,3,2022-10-01,2022-12-01,86.45878136200717,0,0,39,840,4.642857142857143
San Marcos Springs,3,2022-09-01,2022-11-01,86.70430107526882,0,0,40,840,4.761904761904762
San Marcos Springs,3,1984-06-01,1984-08-01,86.7100358422939,0,0,41,840,4.880952380952381
San Marcos Springs,3,2026-04-01,2026-06-01,86.76559139784946,0,0,42,840,5
San Marcos Springs,3,2024-09-01,2024-11-01,87.07347670250896,0,0,43,840,5.119047619047619
San Marcos Springs,3,2023-02-01,2023-04-01,87.64516129032258,0,0,44,840,5.238095238095238
San Marcos Springs,3,2022-08-01,2022-10-01,87.72939068100358,0,0,45,840,5.357142857142857
San Marcos Springs,3,1990-01-01,1990-03-01,87.86674347158218,0,0,46,840,5.476190476190476
San Marcos Springs,3,1967-06-01,1967-08-01,87.88494623655913,0,0,47,840,5.595238095238096
San Marcos Springs,3,2022-11-01,2023-01-01,88.168458781362,0,0,48,840,5.714285714285714
San Marcos Springs,3,2009-06-01,2009-08-01,88.22365591397849,0,0,49,840,5.833333333333333
San Marcos Springs,3,2023-01-01,2023-03-01,88.39247311827957,0,0,50,840,5.952380952380952
San Marcos Springs,6,1956-06-01,1956-11-01,60.95179211469534,0,0,1,837,0.11947431302270012
San Marcos Springs,6,1956-07-01,1956-12-01,62.34623655913978,0,0,2,837,0.23894862604540024
San Marcos Springs,6,1956-08-01,1957-01-01,65.63118279569892,0,0,3,837,0.35842293906810035
San Marcos Springs,6,1956-09-01,1957-02-01,68.77192780337941,0,0,4,837,0.4778972520908005
San Marcos Springs,6,1956-10-01,1957-03-01,74.43787762416795,0,0,5,837,0.5973715651135006
San Marcos Springs,6,2023-07-01,2023-12-01,80.09068100358422,0,0,6,837,0.7168458781362007
San Marcos Springs,6,2023-06-01,2023-11-01,80.87777777777778,0,0,7,837,0.8363201911589008
San Marcos Springs,6,2025-11-01,2026-04-01,80.89329237071172,0,0,8,837,0.955794504181601
San Marcos Springs,6,2025-12-01,2026-05-01,81.28719918074756,0,0,9,837,1.0752688172043012
San Marcos Springs,6,2025-10-01,2026-03-01,82.62913466461853,0,0,10,837,1.1947431302270013
San Marcos Springs,6,2023-05-01,2023-10-01,82.86111111111111,1,0,11,837,1.3142174432497014
San Marcos Springs,6,2023-08-01,2024-01-01,83.19820788530465,0,0,12,837,1.4336917562724014
San Marcos Springs,6,2026-01-01,2026-06-01,83.45960061443932,0,0,13,837,1.5531660692951015
San Marcos Springs,6,1989-09-01,1990-02-01,83.88157962109575,0,0,14,837,1.6726403823178015
San Marcos Springs,6,2024-11-01,2025-04-01,84.27649769585253,0,0,15,837,1.7921146953405016
San Marcos Springs,6,2023-04-01,2023-09-01,84.32078853046595,1,0,16,837,1.911589008363202
San Marcos Springs,6,2024-10-01,2025-03-01,84.3910138248848,0,0,17,837,2.031063321385902
San Marcos Springs,6,2024-12-01,2025-05-01,84.75606758832565,0,0,18,837,2.1505376344086025
San Marcos Springs,6,2025-09-01,2026-02-01,85.15870455709165,0,0,19,837,2.2700119474313025
San Marcos Springs,6,1989-10-01,1990-03-01,85.28211725550435,0,0,20,837,2.3894862604540026
San Marcos Springs,6,1963-09-01,1964-02-01,85.36911383018169,0,0,21,837,2.5089605734767026
San Marcos Springs,6,1963-10-01,1964-03-01,85.45621060437523,0,0,22,837,2.6284348864994027
San Marcos Springs,6,2024-09-01,2025-02-01,85.46108550947261,0,0,23,837,2.7479091995221028
San Marcos Springs,6,1956-11-01,1957-04-01,85.86332565284178,0,0,24,837,2.867383512544803
San Marcos Springs,6,1989-08-01,1990-01-01,86.07724014336918,0,0,25,837,2.986857825567503
San Marcos Springs,6,1984-06-01,1984-11-01,86.20394265232974,0,0,26,837,3.106332138590203
San Marcos Springs,6,1984-05-01,1984-10-01,86.29139784946237,0,0,27,837,3.225806451612903
San Marcos Springs,6,2025-01-01,2025-06-01,86.8100102406554,0,0,28,837,3.345280764635603
San Marcos Springs,6,2023-03-01,2023-08-01,86.97670250896057,1,0,29,837,3.464755077658303
San Marcos Springs,6,2022-10-01,2023-03-01,87.42562724014337,0,0,30,837,3.584229390681003
San Marcos Springs,6,1963-08-01,1964-01-01,87.68817204301075,0,0,31,837,3.7037037037037033
San Marcos Springs,6,2022-11-01,2023-04-01,87.9068100358423,0,0,32,837,3.823178016726404
San Marcos Springs,6,2022-09-01,2023-02-01,87.90860215053763,0,0,33,837,3.942652329749104
San Marcos Springs,6,2022-08-01,2023-01-01,87.94892473118279,0,0,34,837,4.062126642771804
San Marcos Springs,6,1984-07-01,1984-12-01,88.0747311827957,0,0,35,837,4.1816009557945035
San Marcos Springs,6,2024-08-01,2025-01-01,88.07974910394265,0,0,36,837,4.301075268817205
San Marcos Springs,6,1963-11-01,1964-04-01,88.17162279075517,0,0,37,837,4.4205495818399045
San Marcos Springs,6,2026-02-01,2026-07-01,88.31981566820276,0,0,38,837,4.540023894862605
San Marcos Springs,6,2025-08-01,2026-01-01,88.46362007168459,0,0,39,837,4.659498207885305
San Marcos Springs,6,1989-07-01,1989-12-01,89.3836917562724,0,0,40,837,4.778972520908005
San Marcos Springs,6,1989-11-01,1990-04-01,89.39000256016385,0,0,41,837,4.898446833930705
San Marcos Springs,6,1984-04-01,1984-09-01,89.50913978494624,0,0,42,837,5.017921146953405
San Marcos Springs,6,2022-07-01,2022-12-01,89.69086021505376,0,0,43,837,5.137395459976105
San Marcos Springs,6,2023-02-01,2023-07-01,89.75358422939068,1,0,44,837,5.256869772998805
San Marcos Springs,6,2022-12-01,2023-05-01,89.92347670250896,1,0,45,837,5.376344086021505
San Marcos Springs,6,2023-01-01,2023-06-01,90.30734767025089,1,0,46,837,5.4958183990442055
San Marcos Springs,6,2025-02-01,2025-07-01,90.33689196108551,0,0,47,837,5.615292712066906
San Marcos Springs,6,1963-12-01,1964-05-01,90.5791496724756,0,0,48,837,5.734767025089606
San Marcos Springs,6,2009-04-01,2009-09-01,90.99283154121864,0,0,49,837,5.854241338112306
San Marcos Springs,6,1963-07-01,1963-12-01,91.27956989247312,0,0,50,837,5.973715651135006
San Marcos Springs,9,1956-06-01,1957-02-01,64.92907492746203,0,0,1,834,0.1199040767386091
San Marcos Springs,9,1956-07-01,1957-03-01,68.20637480798771,0,0,2,834,0.2398081534772182
San Marcos Springs,9,1956-08-01,1957-04-01,76.93803550093872,0,0,3,834,0.3597122302158274
San Marcos Springs,9,2025-09-01,2026-05-01,83.72276839051032,0,0,4,834,0.4796163069544364
San Marcos Springs,9,2025-10-01,2026-06-01,84.00795357569551,0,0,5,834,0.5995203836930456
San Marcos Springs,9,2023-04-01,2023-12-01,84.13452807646355,1,0,6,834,0.7194244604316548
San Marcos Springs,9,2023-03-01,2023-11-01,84.16320191158901,1,0,7,834,0.8393285371702638
San Marcos Springs,9,2023-02-01,2023-10-01,84.4557945041816,1,0,8,834,0.9592326139088728
San Marcos Springs,9,2025-08-01,2026-04-01,85.07402287079707,0,0,9,834,1.079136690647482
San Marcos Springs,9,2024-09-01,2025-05-01,85.52853729305342,0,0,10,834,1.1990407673860912
San Marcos Springs,9,2023-01-01,2023-09-01,85.67801672640383,1,0,11,834,1.3189448441247003
San Marcos Springs,9,2024-10-01,2025-06-01,85.97298173749786,0,0,12,834,1.4388489208633095
San Marcos Springs,9,2023-05-01,2024-01-01,86.08614097968936,1,0,13,834,1.5587529976019185
San Marcos Springs,9,2025-11-01,2026-07-01,86.71046253626899,0,0,14,834,1.6786570743405276
San Marcos Springs,9,2024-08-01,2025-04-01,87.2704727769244,0,0,15,834,1.7985611510791366
San Marcos Springs,9,2022-12-01,2023-08-01,87.68876941457587,1,0,16,834,1.9184652278177456
San Marcos Springs,9,2022-08-01,2023-04-01,87.84767025089606,0,0,17,834,2.038369304556355
San Marcos Springs,9,2024-11-01,2025-07-01,87.85828639699608,0,0,18,834,2.158273381294964
San Marcos Springs,9,2025-07-01,2026-03-01,87.98752346816863,0,0,19,834,2.278177458033573
San Marcos Springs,9,1963-08-01,1964-04-01,88.705096197421,0,0,20,834,2.3980815347721824
San Marcos Springs,9,2022-09-01,2023-05-01,88.85041816009557,1,0,21,834,2.5179856115107913
San Marcos Springs,9,1989-07-01,1990-03-01,88.87804232804233,0,0,22,834,2.6378896882494005
San Marcos Springs,9,1963-09-01,1964-05-01,88.91656573147118,0,0,23,834,2.7577937649880093
San Marcos Springs,9,2022-10-01,2023-06-01,89.02449223416966,1,0,24,834,2.877697841726619
San Marcos Springs,9,1989-08-01,1990-04-01,89.21878306878307,0,0,25,834,2.997601918465228
San Marcos Springs,9,2022-11-01,2023-07-01,89.22520908004779,1,0,26,834,3.117505995203837
San Marcos Springs,9,2022-07-01,2023-03-01,89.25806451612902,0,0,27,834,3.237410071942446
San Marcos Springs,9,1963-07-01,1964-03-01,89.56148807316772,0,0,28,834,3.357314148681055
San Marcos Springs,9,2024-07-01,2025-03-01,89.61563406724697,0,0,29,834,3.477218225419664
San Marcos Springs,9,2024-12-01,2025-08-01,89.90918245434375,0,0,30,834,3.5971223021582732
San Marcos Springs,9,2025-06-01,2026-02-01,90.17760710018774,0,0,31,834,3.7170263788968825
San Marcos Springs,9,1989-06-01,1990-02-01,90.44805427547362,0,0,32,834,3.8369304556354913
San Marcos Springs,9,2025-05-01,2026-01-01,90.64970131421744,0,0,33,834,3.9568345323741005
San Marcos Springs,9,1963-10-01,1964-06-01,90.69434350924897,0,0,34,834,4.07673860911271
San Marcos Springs,9,2025-01-01,2025-09-01,90.7747738521932,0,0,35,834,4.1966426858513195
San Marcos Springs,9,2025-04-01,2025-12-01,90.98195937873358,0,0,36,834,4.316546762589928
San Marcos Springs,9,2025-02-01,2025-10-01,91.36975593104626,0,0,37,834,4.436450839328537
San Marcos Springs,9,2025-03-01,2025-11-01,91.49091995221028,0,0,38,834,4.556354916067146
San Marcos Springs,9,2022-06-01,2023-02-01,91.82078853046595,0,0,39,834,4.676258992805756
San Marcos Springs,9,2024-06-01,2025-02-01,92.52531148660181,0,0,40,834,4.796163069544365
San Marcos Springs,9,1984-04-01,1984-12-01,92.58219832735962,0,0,41,834,4.916067146282973
San Marcos Springs,9,1984-03-01,1984-11-01,92.79725209080048,0,0,42,834,5.0359712230215825
San Marcos Springs,9,1989-09-01,1990-05-01,92.94638163509131,0,0,43,834,5.155875299760192
San Marcos Springs,9,1963-11-01,1964-07-01,92.99183454867548,0,0,44,834,5.275779376498801
San Marcos Springs,9,1956-09-01,1957-05-01,93.25703191670934,0,0,45,834,5.39568345323741
San Marcos Springs,9,1989-05-01,1990-01-01,93.52831541218637,0,0,46,834,5.515587529976019
San Marcos Springs,9,2009-01-01,2009-09-01,93.5505205666496,0,0,47,834,5.635491606714628
San Marcos Springs,9,1963-06-01,1964-02-01,93.59971985333499,0,0,48,834,5.755395683453238
San Marcos Springs,9,1963-12-01,1964-08-01,93.67212128702674,0,0,49,834,5.875299760191846
San Marcos Springs,9,2023-06-01,2024-02-01,93.68677954929345,0,0,50,834,5.995203836930456
San Marcos Springs,12,1956-06-01,1957-05-01,84.25361623143881,0,0,1,831,0.12033694344163659
San Marcos Springs,12,2023-01-01,2023-12-01,85.19901433691756,1,0,2,831,0.24067388688327318
San Marcos Springs,12,2022-11-01,2023-10-01,85.3839605734767,1,0,3,831,0.36101083032490977
San Marcos Springs,12,2022-12-01,2023-11-01,85.40062724014336,1,0,4,831,0.48134777376654636
San Marcos Springs,12,2022-10-01,2023-09-01,85.87320788530467,1,0,5,831,0.601684717208183
San Marcos Springs,12,2023-02-01,2024-01-01,86.47589605734767,1,0,6,831,0.7220216606498195
San Marcos Springs,12,2022-09-01,2023-08-01,87.44265232974911,1,0,7,831,0.842358604091456
San Marcos Springs,12,2025-05-01,2026-04-01,87.56098310291858,0,0,8,831,0.9626955475330927
San Marcos Springs,12,2025-07-01,2026-06-01,87.68204045058884,0,0,9,831,1.083032490974729
San Marcos Springs,12,2025-06-01,2026-05-01,87.84592933947772,0,0,10,831,1.203369434416366
San Marcos Springs,12,2025-04-01,2026-03-01,88.27487199180747,0,0,11,831,1.3237063778580023
San Marcos Springs,12,2025-08-01,2026-07-01,88.39171786994368,0,0,12,831,1.444043321299639
San Marcos Springs,12,2022-08-01,2023-07-01,88.85125448028674,1,0,13,831,1.5643802647412757
San Marcos Springs,12,2025-03-01,2026-02-01,89.04906554019458,0,0,14,831,1.684717208182912
San Marcos Springs,12,2024-10-01,2025-09-01,89.1558115719406,0,0,15,831,1.8050541516245486
San Marcos Springs,12,2024-09-01,2025-08-01,89.20025601638505,0,0,16,831,1.9253910950661854
San Marcos Springs,12,2024-08-01,2025-07-01,89.20832053251408,0,0,17,831,2.0457280385078223
San Marcos Springs,12,2024-11-01,2025-10-01,89.25258576548899,0,0,18,831,2.166064981949458
San Marcos Springs,12,2025-01-01,2025-12-01,89.35724526369688,0,0,19,831,2.286401925391095
San Marcos Springs,12,2025-02-01,2026-01-01,89.40025601638504,0,0,20,831,2.406738868832732
San Marcos Springs,12,2024-07-01,2025-06-01,89.49595494111622,0,0,21,831,2.527075812274368
San Marcos Springs,12,2024-12-01,2025-11-01,89.58036354326677,0,0,22,831,2.6474127557160045
San Marcos Springs,12,2022-07-01,2023-06-01,89.99910394265233,1,0,23,831,2.7677496991576414
San Marcos Springs,12,2024-06-01,2025-05-01,90.80984383000512,0,0,24,831,2.888086642599278
San Marcos Springs,12,2022-06-01,2023-05-01,91.54910394265232,1,0,25,831,3.0084235860409145
San Marcos Springs,12,1963-09-01,1964-08-01,91.65194042763565,0,0,26,831,3.1287605294825513
San Marcos Springs,12,1963-10-01,1964-09-01,92.02971820541342,0,0,27,831,3.2490974729241873
San Marcos Springs,12,1963-08-01,1964-07-01,92.18688666419479,0,0,28,831,3.369434416365824
San Marcos Springs,12,1963-07-01,1964-06-01,92.4637683846249,0,0,29,831,3.489771359807461
San Marcos Springs,12,2023-03-01,2024-02-01,92.94859720677296,1,0,30,831,3.6101083032490973
San Marcos Springs,12,1963-11-01,1964-10-01,93.87918057100482,0,0,31,831,3.730445246690734
San Marcos Springs,12,2022-05-01,2023-04-01,93.94489247311827,0,0,32,831,3.850782190132371
San Marcos Springs,12,1989-05-01,1990-04-01,94.0217037890425,0,0,33,831,3.9711191335740073
San Marcos Springs,12,1963-06-01,1964-05-01,94.20265727351378,0,0,34,831,4.0914560770156445
San Marcos Springs,12,1989-04-01,1990-03-01,94.2467037890425,0,0,35,831,4.21179302045728
San Marcos Springs,12,2024-05-01,2025-04-01,94.48188684075781,0,0,36,831,4.332129963898916
San Marcos Springs,12,1956-07-01,1957-06-01,95.03417178699436,0,0,37,831,4.452466907340553
San Marcos Springs,12,1963-12-01,1964-11-01,95.32918057100483,0,0,38,831,4.57280385078219
San Marcos Springs,12,1989-03-01,1990-02-01,95.50208013312852,0,0,39,831,4.693140794223827
San Marcos Springs,12,1989-06-01,1990-05-01,95.60503712237583,0,0,40,831,4.813477737665464
San Marcos Springs,12,2008-10-01,2009-09-01,96.10876856118792,0,0,41,831,4.9338146811071
San Marcos Springs,12,1963-05-01,1964-04-01,96.43921641329872,0,0,42,831,5.054151624548736
San Marcos Springs,12,1964-01-01,1964-12-01,96.63563218390804,0,0,43,831,5.174488567990373
San Marcos Springs,12,1989-07-01,1990-06-01,96.7578149001536,0,0,44,831,5.294825511432009
San Marcos Springs,12,1996-03-01,1997-02-01,97.06157834101383,0,0,45,831,5.415162454873646
San Marcos Springs,12,1996-04-01,1997-03-01,97.57233102918586,0,0,46,831,5.535499398315283
San Marcos Springs,12,2024-04-01,2025-03-01,97.6318868407578,0,0,47,831,5.6558363417569195
San Marcos Springs,12,1989-02-01,1990-01-01,97.80862775217614,0,0,48,831,5.776173285198556
San Marcos Springs,12,1996-02-01,1997-01-01,97.83446421950315,0,0,49,831,5.896510228640193
San Marcos Springs,12,2008-09-01,2009-08-01,98.06710189452124,0,0,50,831,6.016847172081829
San Marcos Springs,18,2024-11-01,2026-04-01,86.46615463389656,0,0,1,825,0.12121212121212122
San Marcos Springs,18,2022-07-01,2023-12-01,86.6962962962963,1,0,2,825,0.24242424242424243
San Marcos Springs,18,2024-12-01,2026-05-01,86.81597542242703,0,0,3,825,0.36363636363636365
San Marcos Springs,18,2022-08-01,2024-01-01,86.96690561529272,1,0,4,825,0.48484848484848486
San Marcos Springs,18,2024-10-01,2026-03-01,86.98025260283325,0,0,5,825,0.6060606060606061
San Marcos Springs,18,2025-01-01,2026-06-01,87.39136371394436,0,0,6,825,0.7272727272727273
San Marcos Springs,18,2024-09-01,2026-02-01,87.85307219662059,0,0,7,825,0.8484848484848486
San Marcos Springs,18,2022-06-01,2023-11-01,87.99199522102748,1,0,8,825,0.9696969696969697
San Marcos Springs,18,2024-08-01,2026-01-01,88.96008704557092,0,0,9,825,1.090909090909091
San Marcos Springs,18,2025-02-01,2026-07-01,89.04010923365762,0,0,10,825,1.2121212121212122
San Marcos Springs,18,2022-05-01,2023-10-01,90.25029868578255,1,0,11,825,1.3333333333333335
San Marcos Springs,18,2024-07-01,2025-12-01,90.29879672299028,0,0,12,825,1.4545454545454546
San Marcos Springs,18,2022-09-01,2024-02-01,91.26859885469452,1,0,13,825,1.575757575757576
San Marcos Springs,18,2024-06-01,2025-11-01,92.00811571940604,0,0,14,825,1.6969696969696972
San Marcos Springs,18,2022-04-01,2023-09-01,94.02759856630824,1,0,15,825,1.8181818181818181
San Marcos Springs,18,2024-05-01,2025-10-01,94.39748250554702,0,0,16,825,1.9393939393939394
San Marcos Springs,18,2022-10-01,2024-03-01,94.75814485230504,1,0,17,825,2.0606060606060606
San Marcos Springs,18,1963-07-01,1964-12-01,94.85027808676307,0,0,18,825,2.181818181818182
San Marcos Springs,18,1963-08-01,1965-01-01,94.99543937708565,0,0,19,825,2.3030303030303028
San Marcos Springs,18,1963-06-01,1964-11-01,96.16150867218721,0,0,20,825,2.4242424242424243
San Marcos Springs,18,2024-04-01,2025-09-01,96.39479433350401,0,0,21,825,2.5454545454545454
San Marcos Springs,18,2022-11-01,2024-04-01,96.97409467309356,1,0,22,825,2.666666666666667
San Marcos Springs,18,1963-05-01,1964-10-01,97.4883903926173,0,0,23,825,2.7878787878787876
San Marcos Springs,18,1963-04-01,1964-09-01,98.77721954434969,0,0,24,825,2.909090909090909
San Marcos Springs,18,1963-09-01,1965-02-01,99.18437946925155,0,0,25,825,3.0303030303030303
San Marcos Springs,18,2022-12-01,2024-05-01,99.25605405182714,1,0,26,825,3.151515151515152
San Marcos Springs,18,2022-03-01,2023-08-01,99.62258064516129,1,0,27,825,3.272727272727273
San Marcos Springs,18,2024-03-01,2025-08-01,99.68063662741082,0,0,28,825,3.3939393939393945
San Marcos Springs,18,1988-11-01,1990-04-01,100.32858422939069,0,0,29,825,3.5151515151515147
San Marcos Springs,18,1963-03-01,1964-08-01,100.5651526387344,0,0,30,825,3.6363636363636362
San Marcos Springs,18,2023-01-01,2024-06-01,100.62845548551888,1,0,31,825,3.7575757575757573
San Marcos Springs,18,1988-10-01,1990-03-01,101.01126045400238,0,0,32,825,3.878787878787879
San Marcos Springs,18,1988-12-01,1990-05-01,101.07255077658303,0,0,33,825,4
San Marcos Springs,18,2023-08-01,2025-01-01,101.07409467309355,0,0,34,825,4.121212121212121
San Marcos Springs,18,2023-07-01,2024-12-01,101.25330614262761,0,0,35,825,4.242424242424243
San Marcos Springs,18,1989-01-01,1990-06-01,101.54005376344085,0,0,36,825,4.363636363636364
San Marcos Springs,18,2023-06-01,2024-11-01,101.56943517488568,0,0,37,825,4.484848484848484
San Marcos Springs,18,2023-02-01,2024-07-01,101.63203971490957,1,0,38,825,4.6060606060606055
San Marcos Springs,18,2023-09-01,2025-02-01,101.6743250878401,0,0,39,825,4.7272727272727275
San Marcos Springs,18,2023-03-01,2024-08-01,102.1795307543361,1,0,40,825,4.848484848484849
San Marcos Springs,18,1988-09-01,1990-02-01,102.26848864994027,0,0,41,825,4.96969696969697
San Marcos Springs,18,1989-02-01,1990-07-01,102.33575268817204,0,0,42,825,5.090909090909091
San Marcos Springs,18,1963-02-01,1964-07-01,102.34683466638417,0,0,43,825,5.212121212121213
San Marcos Springs,18,2023-05-01,2024-10-01,102.56758332303383,1,0,44,825,5.333333333333334
San Marcos Springs,18,2023-04-01,2024-09-01,102.57385572446752,1,0,45,825,5.454545454545454
San Marcos Springs,18,2023-10-01,2025-03-01,102.59726415594047,0,0,46,825,5.575757575757575
San Marcos Springs,18,2023-12-01,2025-05-01,102.8621984450683,0,0,47,825,5.696969696969697
San Marcos Springs,18,2023-11-01,2025-04-01,103.03937885128096,0,0,48,825,5.818181818181818
San Marcos Springs,18,2024-02-01,2025-07-01,103.45365603168717,0,0,49,825,5.9393939393939394
San Marcos Springs,18,2024-01-01,2025-06-01,103.49308255498467,0,0,50,825,6.0606060606060606
San Marcos Springs,24,2024-07-01,2026-06-01,88.58899769585254,0,0,1,819,0.1221001221001221
San Marcos Springs,24,2024-08-01,2026-07-01,88.80001920122888,0,0,2,819,0.2442002442002442
San Marcos Springs,24,2024-06-01,2026-05-01,89.32788658474142,0,0,3,819,0.3663003663003663
San Marcos Springs,24,2024-05-01,2026-04-01,91.0214349718382,0,0,4,819,0.4884004884004884
San Marcos Springs,24,2024-04-01,2026-03-01,92.95337941628264,0,0,5,819,0.6105006105006106
San Marcos Springs,24,2024-03-01,2026-02-01,96.05015360983103,0,0,6,819,0.7326007326007326
San Marcos Springs,24,2023-06-01,2025-05-01,97.36609327824567,0,0,7,819,0.8547008547008548
San Marcos Springs,24,2023-07-01,2025-06-01,97.64248216713456,0,0,8,819,0.9768009768009768
San Marcos Springs,24,2022-05-01,2024-04-01,97.72631473241874,1,0,9,819,1.098901098901099
San Marcos Springs,24,2022-06-01,2024-05-01,97.73572333456927,1,0,10,819,1.221001221001221
San Marcos Springs,24,2022-07-01,2024-06-01,97.8940566679026,1,0,11,819,1.3431013431013432
San Marcos Springs,24,2023-05-01,2025-04-01,97.9948119162385,1,0,12,819,1.465201465201465
San Marcos Springs,24,2023-03-01,2025-02-01,97.99991944312022,1,0,13,819,1.5873015873015872
San Marcos Springs,24,2023-04-01,2025-03-01,98.02814524957184,1,0,14,819,1.7094017094017095
San Marcos Springs,24,2022-08-01,2024-07-01,98.21126096897788,1,0,15,819,1.8315018315018317
San Marcos Springs,24,2023-02-01,2025-01-01,98.24396706216784,1,0,16,819,1.9536019536019535
San Marcos Springs,24,2023-08-01,2025-07-01,98.38979399509155,0,0,17,819,2.0757020757020754
San Marcos Springs,24,2023-01-01,2024-12-01,98.51681652453344,1,0,18,819,2.197802197802198
San Marcos Springs,24,2022-09-01,2024-08-01,98.61179860338648,1,0,19,819,2.31990231990232
San Marcos Springs,24,2022-04-01,2024-03-01,98.65270362130762,1,0,20,819,2.442002442002442
San Marcos Springs,24,2022-12-01,2024-11-01,98.6579455567915,1,0,21,819,2.564102564102564
San Marcos Springs,24,2022-10-01,2024-09-01,98.78679860338647,1,0,22,819,2.6862026862026864
San Marcos Springs,24,2022-11-01,2024-10-01,98.90239000123594,1,0,23,819,2.8083028083028085
San Marcos Springs,24,2022-03-01,2024-02-01,99.4470584600173,1,0,24,819,2.93040293040293
San Marcos Springs,24,2022-02-01,2024-01-01,99.48898169482847,1,0,25,819,3.0525030525030523
San Marcos Springs,24,2023-09-01,2025-08-01,99.49060044670445,0,0,26,819,3.1746031746031744
San Marcos Springs,24,2024-02-01,2026-01-01,99.70614704168653,0,0,27,819,3.296703296703297
San Marcos Springs,24,2023-10-01,2025-09-01,100.42810044670445,0,0,28,819,3.418803418803419
San Marcos Springs,24,2024-01-01,2025-12-01,100.5959319879231,0,0,29,819,3.5409035409035408
San Marcos Springs,24,2023-12-01,2025-11-01,100.74781370835319,0,0,30,819,3.6630036630036633
San Marcos Springs,24,2023-11-01,2025-10-01,100.83670259724208,0,0,31,819,3.785103785103785
San Marcos Springs,24,2022-01-01,2023-12-01,101.76451932923707,1,0,32,819,3.907203907203907
San Marcos Springs,24,1963-02-01,1965-01-01,101.91326220050497,0,0,33,819,4.029304029304029
San Marcos Springs,24,1963-01-01,1964-12-01,102.72912241555873,0,0,34,819,4.151404151404151
San Marcos Springs,24,1963-03-01,1965-02-01,103.98617886717163,0,0,35,819,4.273504273504273
San Marcos Springs,24,1962-12-01,1964-11-01,104.0705202650211,0,0,36,819,4.395604395604396
San Marcos Springs,24,2021-12-01,2023-11-01,105.58306771633384,1,0,37,819,4.517704517704518
San Marcos Springs,24,1962-11-01,1964-10-01,105.62190915390998,0,0,38,819,4.63980463980464
San Marcos Springs,24,1963-04-01,1965-03-01,105.91091004996734,0,0,39,819,4.761904761904762
San Marcos Springs,24,1988-08-01,1990-07-01,106.1959005376344,0,0,40,819,4.884004884004884
San Marcos Springs,24,1988-07-01,1990-06-01,106.59375,0,0,41,819,5.006105006105006
San Marcos Springs,24,1988-09-01,1990-08-01,106.59643817204301,0,0,42,819,5.128205128205128
San Marcos Springs,24,1988-11-01,1990-10-01,106.77470878136201,0,0,43,819,5.25030525030525
San Marcos Springs,24,1988-10-01,1990-09-01,106.83116039426523,0,0,44,819,5.372405372405373
San Marcos Springs,24,1988-12-01,1990-11-01,106.89693100358423,0,0,45,819,5.4945054945054945
San Marcos Springs,24,1989-01-01,1990-12-01,107.04881272401434,0,0,46,819,5.616605616605617
San Marcos Springs,24,1963-05-01,1965-04-01,107.49007671663401,0,0,47,819,5.738705738705739
San Marcos Springs,24,1988-06-01,1990-05-01,107.93680555555555,0,0,48,819,5.86080586080586
San Marcos Springs,24,1962-10-01,1964-09-01,108.16895216466267,0,0,49,819,5.982905982905983
San Marcos Springs,24,1988-05-01,1990-04-01,108.71771953405018,0,0,50,819,6.105006105006105
San Marcos Springs,36,2023-06-01,2026-05-01,94.19270529865635,0,0,1,807,0.12391573729863693
San Marcos Springs,36,2023-07-01,2026-06-01,94.32233492828598,0,0,2,807,0.24783147459727387
San Marcos Springs,36,2023-05-01,2026-04-01,94.5168689784652,1,0,3,807,0.37174721189591076
San Marcos Springs,36,2023-04-01,2026-03-01,94.77705416365038,1,0,4,807,0.49566294919454773
San Marcos Springs,36,2023-03-01,2026-02-01,95.01630147547834,1,0,5,807,0.6195786864931847
San Marcos Springs,36,2023-08-01,2026-07-01,95.0571019533756,0,0,6,807,0.7434944237918215
San Marcos Springs,36,2022-07-01,2025-06-01,95.09468942564048,1,0,7,807,0.8674101610904585
San Marcos Springs,36,2022-08-01,2025-07-01,95.21028082348994,1,0,8,807,0.9913258983890955
San Marcos Springs,36,2023-02-01,2026-01-01,95.29606338024024,1,0,9,807,1.1152416356877324
San Marcos Springs,36,2022-06-01,2025-05-01,95.42709683304788,1,0,10,807,1.2391573729863694
San Marcos Springs,36,2023-01-01,2025-12-01,95.46362610425459,1,0,11,807,1.3630731102850062
San Marcos Springs,36,2022-09-01,2025-08-01,95.47461774105267,1,0,12,807,1.486988847583643
San Marcos Springs,36,2022-10-01,2025-09-01,95.57646959290452,1,0,13,807,1.6109045848822798
San Marcos Springs,36,2022-12-01,2025-11-01,95.63208488561659,1,0,14,807,1.734820322180917
San Marcos Springs,36,2022-11-01,2025-10-01,95.6857885893203,1,0,15,807,1.858736059479554
San Marcos Springs,36,2022-05-01,2025-04-01,96.64483876853176,1,0,16,807,1.982651796778191
San Marcos Springs,36,2022-04-01,2025-03-01,98.31243136112435,1,0,17,807,2.1065675340768277
San Marcos Springs,36,2022-03-01,2025-02-01,100.64845286650069,1,0,18,807,2.2304832713754648
San Marcos Springs,36,2022-02-01,2025-01-01,102.99666715221498,1,0,19,807,2.3543990086741013
San Marcos Springs,36,2022-01-01,2024-12-01,105.12121912354115,1,0,20,807,2.478314745972739
San Marcos Springs,36,2021-12-01,2024-11-01,107.69379976870243,1,0,21,807,2.6022304832713754
San Marcos Springs,36,2021-11-01,2024-10-01,111.12713310203577,1,0,22,807,2.7261462205700124
San Marcos Springs,36,1962-02-01,1965-01-01,111.69431893756143,0,0,23,807,2.8500619578686495
San Marcos Springs,36,1962-01-01,1964-12-01,112.63249098057219,0,0,24,807,2.973977695167286
San Marcos Springs,36,1962-03-01,1965-02-01,112.75483481057731,0,0,25,807,3.0978934324659235
San Marcos Springs,36,2021-10-01,2024-09-01,113.6683517400286,1,0,26,807,3.2218091697645597
San Marcos Springs,36,1962-04-01,1965-03-01,113.82203911165257,0,0,27,807,3.3457249070631967
San Marcos Springs,36,1961-12-01,1964-11-01,113.95596768308114,0,0,28,807,3.469640644361834
San Marcos Springs,36,1962-05-01,1965-04-01,114.74518725980072,0,0,29,807,3.593556381660471
San Marcos Springs,36,2021-09-01,2024-08-01,115.18131470299157,1,0,30,807,3.717472118959108
San Marcos Springs,36,1961-11-01,1964-10-01,115.2726343497478,0,0,31,807,3.841387856257745
San Marcos Springs,36,1962-06-01,1965-05-01,116.54357435657491,0,0,32,807,3.965303593556382
San Marcos Springs,36,1961-10-01,1964-09-01,116.68302861498078,0,0,33,807,4.089219330855019
San Marcos Springs,36,2021-08-01,2024-07-01,116.8399168535292,1,0,34,807,4.2131350681536555
San Marcos Springs,36,2021-02-01,2024-01-01,117.02121522444104,1,0,35,807,4.337050805452292
San Marcos Springs,36,2021-01-01,2023-12-01,117.37246970472776,1,0,36,807,4.4609665427509295
San Marcos Springs,36,1988-02-01,1991-01-01,117.92377487331603,0,0,37,807,4.584882280049566
San Marcos Springs,36,1988-01-01,1990-12-01,118.24008311704362,0,0,38,807,4.708798017348203
San Marcos Springs,36,1961-09-01,1964-08-01,118.3728434297956,0,0,39,807,4.83271375464684
San Marcos Springs,36,2020-12-01,2023-11-01,118.39397508107186,1,0,40,807,4.956629491945478
San Marcos Springs,36,2021-07-01,2024-06-01,118.51823226571558,1,0,41,807,5.080545229244114
San Marcos Springs,36,2021-03-01,2024-02-01,118.62223465520184,1,0,42,807,5.204460966542751
San Marcos Springs,36,1988-03-01,1991-02-01,118.69980798771121,0,0,43,807,5.328376703841388
San Marcos Springs,36,1962-07-01,1965-06-01,119.46024102324158,0,0,44,807,5.452292441140025
San Marcos Springs,36,2020-11-01,2023-10-01,119.59397508107186,1,0,45,807,5.5762081784386615
San Marcos Springs,36,1988-04-01,1991-03-01,119.64783666154634,0,0,46,807,5.700123915737299
San Marcos Springs,36,2021-04-01,2024-03-01,119.7978618953452,1,0,47,807,5.8240396530359355
San Marcos Springs,36,2021-06-01,2024-05-01,120.16267671016003,1,0,48,807,5.947955390334572
San Marcos Springs,36,2021-05-01,2024-04-01,120.41267671016003,1,0,49,807,6.071871127633209
San Marcos Springs,36,1961-08-01,1964-07-01,120.62463554449094,0,0,50,807,6.195786864931847
San Marcos Springs,48,2022-07-01,2026-06-01,93.24152718187757,1,0,1,795,0.12578616352201258
San Marcos Springs,48,2022-08-01,2026-07-01,93.50564008510338,1,0,2,795,0.25157232704402516
San Marcos Springs,48,2022-06-01,2026-05-01,93.53180495965535,1,0,3,795,0.37735849056603776
San Marcos Springs,48,2022-05-01,2026-04-01,94.37387485212847,1,0,4,795,0.5031446540880503
San Marcos Springs,48,2022-04-01,2026-03-01,95.80304151879514,1,0,5,795,0.628930817610063
San Marcos Springs,48,2022-03-01,2026-02-01,97.74860603492417,1,0,6,795,0.7547169811320755
San Marcos Springs,48,2022-02-01,2026-01-01,99.5975643682575,1,0,7,795,0.8805031446540881
San Marcos Springs,48,2022-01-01,2025-12-01,101.18022565858008,1,0,8,795,1.0062893081761006
San Marcos Springs,48,2021-12-01,2025-11-01,103.16544071234352,1,0,9,795,1.1320754716981132
San Marcos Springs,48,2021-11-01,2025-10-01,105.65849626789908,1,0,10,795,1.257861635220126
San Marcos Springs,48,2021-10-01,2025-09-01,107.5402166980066,1,0,11,795,1.3836477987421385
San Marcos Springs,48,2021-09-01,2025-08-01,108.68605003133993,1,0,12,795,1.509433962264151
San Marcos Springs,48,2021-08-01,2025-07-01,109.93201777327542,1,0,13,795,1.6352201257861636
San Marcos Springs,48,2021-07-01,2025-06-01,111.26266293456574,1,0,14,795,1.7610062893081762
San Marcos Springs,48,2021-06-01,2025-05-01,112.8244684901213,1,0,15,795,1.8867924528301887
San Marcos Springs,48,2021-05-01,2025-04-01,113.92997924280947,1,0,16,795,2.0125786163522013
San Marcos Springs,48,2021-04-01,2025-03-01,114.25636813169837,1,0,17,795,2.138364779874214
San Marcos Springs,48,2021-03-01,2025-02-01,114.72948641126825,1,0,18,795,2.2641509433962264
San Marcos Springs,48,2021-02-01,2025-01-01,115.26892093507777,1,0,19,795,2.3899371069182394
San Marcos Springs,48,2021-01-01,2024-12-01,115.98800695658315,1,0,20,795,2.515723270440252
San Marcos Springs,48,2020-12-01,2024-11-01,116.7742972791638,1,0,21,795,2.6415094339622645
San Marcos Springs,48,2020-11-01,2024-10-01,117.80068616805269,1,0,22,795,2.767295597484277
San Marcos Springs,48,2020-10-01,2024-09-01,119.01977218955807,1,0,23,795,2.8930817610062896
San Marcos Springs,48,2020-09-01,2024-08-01,119.93227218955806,1,0,24,795,3.018867924528302
San Marcos Springs,48,2020-08-01,2024-07-01,120.74544423256881,1,0,25,795,3.1446540880503147
San Marcos Springs,48,2020-07-01,2024-06-01,122.01090122181613,1,0,26,795,3.270440251572327
San Marcos Springs,48,2020-06-01,2024-05-01,123.6650678884828,1,0,27,795,3.3962264150943398
San Marcos Springs,48,2020-05-01,2024-04-01,124.43993347988064,1,0,28,795,3.5220125786163523
San Marcos Springs,48,2020-02-01,2024-01-01,124.4889200081219,1,0,29,795,3.647798742138365
San Marcos Springs,48,2020-03-01,2024-02-01,124.85601770927133,1,0,30,795,3.7735849056603774
San Marcos Springs,48,2020-04-01,2024-03-01,124.90104459099176,1,0,31,795,3.89937106918239
San Marcos Springs,48,1961-06-01,1965-05-01,125.48948600296626,0,0,32,795,4.0251572327044025
San Marcos Springs,48,2020-01-01,2023-12-01,125.60451140597137,1,0,33,795,4.150943396226415
San Marcos Springs,48,1961-05-01,1965-04-01,125.78182471264368,0,0,34,795,4.276729559748428
San Marcos Springs,48,1961-12-01,1965-11-01,125.97808367321716,0,0,35,795,4.40251572327044
San Marcos Springs,48,1961-07-01,1965-06-01,126.08670822518847,0,0,36,795,4.528301886792453
San Marcos Springs,48,1961-11-01,1965-10-01,126.3176670065505,0,0,37,795,4.654088050314465
San Marcos Springs,48,1961-08-01,1965-07-01,126.44557919293041,0,0,38,795,4.779874213836479
San Marcos Springs,48,1961-09-01,1965-08-01,126.50203080583364,0,0,39,795,4.905660377358491
San Marcos Springs,48,1961-10-01,1965-09-01,126.51591969472253,0,0,40,795,5.031446540880504
San Marcos Springs,48,1961-04-01,1965-03-01,126.94710249042146,0,0,41,795,5.157232704402516
San Marcos Springs,48,1962-01-01,1965-12-01,126.96128259794834,0,0,42,795,5.283018867924529
San Marcos Springs,48,2019-12-01,2023-11-01,127.28797914790684,1,0,43,795,5.4088050314465415
San Marcos Springs,48,1962-02-01,1966-01-01,127.96934711407737,0,0,44,795,5.534591194968554
San Marcos Springs,48,1961-03-01,1965-02-01,128.12048958719564,0,0,45,795,5.660377358490567
San Marcos Springs,48,1963-09-01,1967-08-01,128.59324784372407,0,0,46,795,5.786163522012579
San Marcos Springs,48,1963-10-01,1967-09-01,128.84324784372407,0,0,47,795,5.911949685534592
San Marcos Springs,48,1962-03-01,1966-02-01,128.8495554474107,0,0,48,795,6.037735849056604
San Marcos Springs,48,1963-08-01,1967-07-01,128.8970112845843,0,0,49,795,6.163522012578617
San Marcos Springs,48,2019-11-01,2023-10-01,129.15672914790684,1,0,50,795,6.289308176100629
San Marcos Springs,60,2021-08-01,2026-07-01,105.62395779260908,1,0,1,783,0.1277139208173691
San Marcos Springs,60,2021-07-01,2026-06-01,106.54653843777037,1,0,2,783,0.2554278416347382
San Marcos Springs,60,2021-06-01,2026-05-01,107.82876065999258,1,0,3,783,0.38314176245210724
San Marcos Springs,60,2021-05-01,2026-04-01,108.65618001483129,1,0,4,783,0.5108556832694764
San Marcos Springs,60,2021-04-01,2026-03-01,109.06006890372018,1,0,5,783,0.6385696040868455
San Marcos Springs,60,2021-03-01,2026-02-01,109.59340223705351,1,0,6,783,0.7662835249042145
San Marcos Springs,60,2021-02-01,2026-01-01,110.09518795133923,1,0,7,783,0.8939974457215836
San Marcos Springs,60,2021-01-01,2025-12-01,110.66185461800589,1,0,8,783,1.0217113665389528
San Marcos Springs,60,2020-12-01,2025-11-01,111.3355105319844,1,0,9,783,1.1494252873563218
San Marcos Springs,60,2020-11-01,2025-10-01,112.09106608753994,1,0,10,783,1.277139208173691
San Marcos Springs,60,2020-10-01,2025-09-01,113.04698006603456,1,0,11,783,1.40485312899106
San Marcos Springs,60,2020-09-01,2025-08-01,113.78586895492346,1,0,12,783,1.532567049808429
San Marcos Springs,60,2020-08-01,2025-07-01,114.43801949255787,1,0,13,783,1.6602809706257982
San Marcos Springs,60,2020-07-01,2025-06-01,115.50791196567614,1,0,14,783,1.7879948914431671
San Marcos Springs,60,2020-06-01,2025-05-01,117.09402307678725,1,0,15,783,1.9157088122605364
San Marcos Springs,60,2020-05-01,2025-04-01,118.44832415205607,1,0,16,783,2.0434227330779056
San Marcos Springs,60,2020-04-01,2025-03-01,119.44721304094496,1,0,17,783,2.1711366538952745
San Marcos Springs,60,2020-03-01,2025-02-01,120.49506250331055,1,0,18,783,2.2988505747126435
San Marcos Springs,60,2020-02-01,2025-01-01,121.59354361989512,1,0,19,783,2.4265644955300125
San Marcos Springs,60,2020-01-01,2024-12-01,122.85053286720695,1,0,20,783,2.554278416347382
San Marcos Springs,60,2019-12-01,2024-11-01,124.2134360930134,1,0,21,783,2.681992337164751
San Marcos Springs,60,2019-11-01,2024-10-01,125.80954720412451,1,0,22,783,2.80970625798212
San Marcos Springs,60,1962-11-01,1967-10-01,127.1512892632025,0,0,23,783,3.065134099616858
San Marcos Springs,60,1962-12-01,1967-11-01,127.1512892632025,0,0,23,783,3.065134099616858
San Marcos Springs,60,1963-01-01,1967-12-01,127.31257958578314,0,0,25,783,3.1928480204342273
San Marcos Springs,60,2019-10-01,2024-09-01,127.32836440842559,1,0,26,783,3.3205619412515963
San Marcos Springs,60,1962-10-01,1967-09-01,127.93623549976164,0,0,27,783,3.4482758620689653
San Marcos Springs,60,1963-02-01,1968-01-01,128.4211817363208,0,0,28,783,3.5759897828863343
San Marcos Springs,60,1962-09-01,1967-08-01,128.61179105531718,0,0,29,783,3.7037037037037033
San Marcos Springs,60,2019-09-01,2024-08-01,129.01503107509225,1,0,30,783,3.8314176245210727
San Marcos Springs,60,1962-08-01,1967-07-01,129.0639415929516,0,0,31,783,3.959131545338442
San Marcos Springs,60,1962-07-01,1967-06-01,129.44781256069354,0,0,32,783,4.086845466155811
San Marcos Springs,60,1962-06-01,1967-05-01,129.80114589402686,0,0,33,783,4.21455938697318
San Marcos Springs,60,1962-05-01,1967-04-01,130.2597480445645,0,0,34,783,4.342273307790549
San Marcos Springs,60,1962-04-01,1967-03-01,130.6336369334534,0,0,35,783,4.469987228607918
San Marcos Springs,60,1963-03-01,1968-02-01,130.69796745060648,0,0,36,783,4.597701149425287
San Marcos Springs,60,2019-08-01,2024-07-01,130.9015902148772,1,0,37,783,4.725415070242656
San Marcos Springs,60,1962-03-01,1967-02-01,131.1293358581846,0,0,38,783,4.853128991060025
San Marcos Springs,60,1962-02-01,1967-01-01,131.76266919151792,0,0,39,783,4.980842911877394
San Marcos Springs,60,1962-01-01,1966-12-01,132.3556799442061,0,0,40,783,5.108556832694764
San Marcos Springs,60,1963-04-01,1968-03-01,132.57108573017638,0,0,41,783,5.236270753512133
San Marcos Springs,60,2019-07-01,2024-06-01,132.89997731165138,1,0,42,783,5.363984674329502
San Marcos Springs,60,1961-12-01,1966-11-01,132.97718532055018,0,0,43,783,5.491698595146871
San Marcos Springs,60,1961-11-01,1966-10-01,133.53274087610572,0,0,44,783,5.61941251596424
San Marcos Springs,60,1961-10-01,1966-09-01,133.98381614492294,0,0,45,783,5.747126436781609
San Marcos Springs,60,1963-05-01,1968-04-01,134.2683079523986,0,0,46,783,5.874840357598978
San Marcos Springs,60,1961-09-01,1966-08-01,134.32270503381181,0,0,47,783,6.002554278416347
San Marcos Springs,60,1961-08-01,1966-07-01,134.81087707682258,0,0,48,783,6.130268199233716
San Marcos Springs,60,1961-07-01,1966-06-01,135.24528567897312,0,0,49,783,6.257982120051085
San Marcos Springs,60,2019-06-01,2024-05-01,135.4049773116514,1,0,50,783,6.385696040868455
