station,window_months,window_start_month,window_end_month,rolling_mean_cfs,partial_months_in_window,unusable_months_in_window,historical_rank_lowest,historical_n,low_flow_percentile,ending_year,drought_year_rank
Comal Springs,3,1956-07-01,1956-09-01,0,0,0,1,1133,0.176522506619594,1956,1
Comal Springs,3,1956-11-01,1957-01-01,36.08064516129032,0,0,8,1133,0.706090026478376,1957,2
Comal Springs,3,1984-07-01,1984-09-01,36.08100358422939,0,0,9,1133,0.7943512797881729,1984,3
Comal Springs,3,1955-08-01,1955-10-01,54.93763440860215,0,0,13,1133,1.1473962930273611,1955,4
Comal Springs,3,2024-10-01,2024-12-01,64.11863799283154,0,0,18,1133,1.5887025595763458,2024,5
Comal Springs,3,2024-11-01,2025-01-01,66.78530465949821,0,0,19,1133,1.6769638128861428,2025,6
Comal Springs,3,2026-01-01,2026-03-01,69.3863287250384,0,0,25,1133,2.206531332744925,2026,7
Comal Springs,3,2023-08-01,2023-10-01,74.46594982078852,0,0,34,1133,3.000882612533098,2023,8
Comal Springs,3,1989-07-01,1989-09-01,80.9168458781362,0,0,38,1133,3.3539276257722856,1989,9
Comal Springs,3,2014-08-01,2014-10-01,81.99928315412187,0,0,41,1133,3.618711385701677,2014,10
Comal Springs,3,1954-07-01,1954-09-01,88.60860215053764,0,0,47,1133,4.148278905560459,1954,11
Comal Springs,3,1967-06-01,1967-08-01,89.91111111111111,0,0,49,1133,4.324801412180053,1967,12
Comal Springs,3,1996-06-01,1996-08-01,100.38566308243728,0,0,60,1133,5.29567519858782,1996,13
Comal Springs,3,2022-08-01,2022-10-01,105.4594982078853,0,0,63,1133,5.560458958517211,2022,14
Comal Springs,3,1990-06-01,1990-08-01,124.85591397849463,0,0,91,1133,8.031774051191528,1990,15
Comal Springs,3,2013-08-01,2013-10-01,130.0372759856631,0,0,96,1133,8.473080317740513,2013,16
Comal Springs,3,1971-05-01,1971-07-01,132.9831541218638,0,0,99,1133,8.737864077669903,1971,17
Comal Springs,3,2014-11-01,2015-01-01,135.31505376344086,0,0,101,1133,8.914386584289497,2015,18
Comal Springs,3,1964-07-01,1964-09-01,142.18817204301075,0,0,114,1133,10.061782877316858,1964,19
Comal Springs,3,1953-06-01,1953-08-01,147.17419354838708,0,0,122,1133,10.767872903795233,1953,20
Comal Springs,3,1963-08-01,1963-10-01,150.22150537634408,0,0,124,1133,10.944395410414828,1963,21
Comal Springs,3,1952-07-01,1952-09-01,154.67777777777778,0,0,130,1133,11.47396293027361,1952,22
Comal Springs,3,2011-07-01,2011-09-01,170.73870967741937,0,0,154,1133,13.592233009708737,2011,23
Comal Springs,3,1984-11-01,1985-01-01,174.02293906810036,0,0,160,1133,14.121800529567519,1985,24
Comal Springs,3,2009-07-01,2009-09-01,176.0222222222222,0,0,166,1133,14.651368049426303,2009,25
Comal Springs,3,2012-07-01,2012-09-01,179.51971326164875,0,0,170,1133,15.004413062665488,2012,26
Comal Springs,3,1951-08-01,1951-10-01,179.82616487455198,0,0,172,1133,15.180935569285085,1951,27
Comal Springs,3,1996-11-01,1997-01-01,185.36881720430108,0,0,187,1133,16.50485436893204,1997,28
Comal Springs,3,2000-08-01,2000-10-01,186.67921146953404,0,0,188,1133,16.593115622241836,2000,29
Comal Springs,3,1991-08-01,1991-10-01,200.7146953405018,0,0,222,1133,19.593998234774933,1991,30
Comal Springs,3,1983-08-01,1983-10-01,200.95197132616488,0,0,223,1133,19.682259488084732,1983,31
Comal Springs,3,2018-06-01,2018-08-01,204.25412186379927,0,0,226,1133,19.947043248014122,2018,32
Comal Springs,3,1998-06-01,1998-08-01,205.76164874551972,0,0,232,1133,20.476610767872906,1998,33
Comal Springs,3,1964-11-01,1965-01-01,206.7831541218638,0,0,235,1133,20.741394527802296,1965,34
Comal Springs,3,1980-07-01,1980-09-01,213.75698924731182,0,0,249,1133,21.977052074139454,1980,35
Comal Springs,3,1962-08-01,1962-10-01,218.05591397849463,0,0,261,1133,23.036187113857018,1962,36
Comal Springs,3,1982-08-01,1982-10-01,221.047311827957,0,0,265,1133,23.389232127096204,1982,37
Comal Springs,3,1988-09-01,1988-11-01,227.03118279569892,0,0,290,1133,25.59576345984113,1988,38
Comal Springs,3,2006-07-01,2006-09-01,229.25663082437276,0,0,294,1133,25.94880847308032,2006,39
Comal Springs,3,1966-07-01,1966-09-01,229.43225806451613,0,0,295,1133,26.037069726390115,1966,40
Comal Springs,3,1995-08-01,1995-10-01,241.58064516129033,0,0,326,1133,28.773168578993825,1995,41
Comal Springs,3,1950-10-01,1950-12-01,241.63620071684588,0,0,327,1133,28.86142983230362,1950,42
Comal Springs,3,2021-02-01,2021-04-01,241.72191500256017,0,0,328,1133,28.949691085613416,2021,43
Comal Springs,3,1969-07-01,1969-09-01,246.2516129032258,0,0,344,1133,30.36187113857017,1969,44
Comal Springs,3,1948-12-01,1949-02-01,252.90322580645162,0,0,362,1133,31.950573698146513,1949,45
Comal Springs,3,1957-11-01,1958-01-01,254.7942652329749,0,0,365,1133,32.21535745807591,1958,46
Comal Springs,3,2020-07-01,2020-09-01,255.70537634408603,0,0,368,1133,32.4801412180053,2020,47
Comal Springs,3,1986-08-01,1986-10-01,255.96881720430108,0,0,369,1133,32.568402471315096,1986,48
Comal Springs,3,1948-08-01,1948-10-01,257.26989247311826,0,0,377,1133,33.27449249779347,1948,49
Comal Springs,3,1967-11-01,1968-01-01,260.5304659498208,0,0,396,1133,34.95145631067961,1968,50
Comal Springs,3,2006-11-01,2007-01-01,266.994623655914,0,0,420,1133,37.06972639011474,2007,51
Comal Springs,3,1994-07-01,1994-09-01,267.06236559139785,0,0,421,1133,37.15798764342454,1994,52
Comal Springs,3,1940-04-01,1940-06-01,271.5258064516129,0,0,435,1133,38.39364518976169,1940,53
Comal Springs,3,1970-08-01,1970-10-01,274.48028673835125,0,0,446,1133,39.364518976169464,1970,54
Comal Springs,3,1978-05-01,1978-07-01,275.25555555555553,0,0,451,1133,39.80582524271845,1978,55
Comal Springs,3,2017-07-01,2017-09-01,281.40179211469535,0,0,474,1133,41.83583406884378,2017,56
Comal Springs,3,1939-10-01,1939-12-01,282.27562724014336,0,0,480,1133,42.36540158870256,1939,57
Comal Springs,3,1991-11-01,1992-01-01,284.4304659498208,0,0,492,1133,43.42453662842012,1992,58
Comal Springs,3,1940-11-01,1941-01-01,285.1964157706093,0,0,495,1133,43.689320388349515,1941,59
Comal Springs,3,2008-06-01,2008-08-01,285.43512544802866,0,0,498,1133,43.95410414827891,2008,60
Comal Springs,3,1981-03-01,1981-05-01,288.19749103942655,0,0,511,1133,45.10150044130627,1981,61
Comal Springs,3,1934-11-01,1935-01-01,289.4225806451613,0,0,515,1133,45.45454545454545,1935,62
Comal Springs,3,1934-10-01,1934-12-01,292.0247311827957,0,0,533,1133,47.0432480141218,1934,63
Comal Springs,3,1959-07-01,1959-09-01,292.1347670250896,0,0,535,1133,47.21977052074139,1959,64
Comal Springs,3,1972-02-01,1972-04-01,292.5696947225312,0,0,540,1133,47.661076787290376,1972,65
Comal Springs,3,1999-09-01,1999-11-01,293.2903225806452,0,0,545,1133,48.10238305383937,1999,66
Comal Springs,3,2001-07-01,2001-09-01,293.7347670250896,0,0,547,1133,48.27890556045896,2001,67
Comal Springs,3,1960-06-01,1960-08-01,293.85089605734765,0,0,548,1133,48.36716681376876,1960,68
Comal Springs,3,2016-02-01,2016-04-01,297.37073291311333,0,0,572,1133,50.48543689320388,2016,69
Comal Springs,3,2019-08-01,2019-10-01,298.85913978494625,0,0,579,1133,51.103265666372465,2019,70
Comal Springs,3,1933-10-01,1933-12-01,299.47383512544803,0,0,581,1133,51.279788172992056,1933,71
Comal Springs,3,1932-04-01,1932-06-01,305.7219832735962,1,0,615,1133,54.28067078552515,1932,72
Comal Springs,3,1947-10-01,1947-12-01,310.0007168458781,0,0,647,1133,57.10503089143866,1947,73
Comal Springs,3,2009-11-01,2010-01-01,310.9415770609319,0,0,653,1133,57.634598411297446,2010,74
Comal Springs,3,1943-10-01,1943-12-01,311.5068100358423,0,0,659,1133,58.16416593115622,1943,75
Comal Springs,3,1942-05-01,1942-07-01,318.22544802867384,0,0,700,1133,61.7828773168579,1942,76
Comal Springs,3,1937-10-01,1937-12-01,319.0046594982079,0,0,707,1133,62.40070609002648,1937,77
Comal Springs,3,1961-08-01,1961-10-01,319.39032258064515,0,0,708,1133,62.48896734333628,1961,78
Comal Springs,3,1943-11-01,1944-01-01,320.2810035842294,0,0,717,1133,63.28331862312445,1944,79
Comal Springs,3,2002-04-01,2002-06-01,320.5756272401434,0,0,718,1133,63.37157987643425,2002,80
Comal Springs,3,1937-11-01,1938-01-01,321.06917562724016,0,0,722,1133,63.72462488967343,1938,81
Comal Springs,3,1972-11-01,1973-01-01,321.89820788530466,0,0,729,1133,64.34245366284202,1973,82
Comal Springs,3,1945-12-01,1946-02-01,323.79685099846387,0,0,743,1133,65.57811120917917,1946,83
Comal Springs,3,1976-02-01,1976-04-01,326.8582622667161,0,0,760,1133,67.07855251544572,1976,84
Comal Springs,3,1944-11-01,1945-01-01,328.8677419354839,0,0,777,1133,68.57899382171226,1945,85
Comal Springs,3,1986-11-01,1987-01-01,330.7978494623656,0,0,787,1133,69.46160635481023,1987,86
Comal Springs,3,1974-06-01,1974-08-01,336.968458781362,0,0,822,1133,72.55075022065314,1974,87
Comal Springs,3,1977-08-01,1977-10-01,338.14372759856633,0,0,829,1133,73.16857899382171,1977,88
Comal Springs,3,1936-03-01,1936-05-01,343.26344086021504,0,0,849,1133,74.93380406001765,1936,89
Comal Springs,3,1993-09-01,1993-11-01,344.3,0,0,852,1133,75.19858781994704,1993,90
Comal Springs,3,2004-01-01,2004-03-01,355.05079718205417,0,0,909,1133,80.22947925860548,2004,91
Comal Springs,3,1979-10-01,1979-12-01,355.4139784946237,0,0,913,1133,80.58252427184466,1979,92
Comal Springs,3,2005-10-01,2005-12-01,356.1182795698925,0,0,919,1133,81.11209179170345,2005,93
Comal Springs,3,1975-10-01,1975-12-01,361.8189964157706,0,0,949,1133,83.75992939099736,1975,94
Comal Springs,3,2003-10-01,2003-12-01,369.1655913978494,0,0,978,1133,86.31950573698145,2003,95
Comal Springs,6,1956-06-01,1956-11-01,4.2,0,0,1,1130,0.08849557522123894,1956,1
Comal Springs,6,1956-08-01,1957-01-01,18.04032258064516,0,0,5,1130,0.4424778761061947,1957,2
Comal Springs,6,1984-05-01,1984-10-01,64.59767025089606,0,0,12,1130,1.0619469026548671,1984,3
Comal Springs,6,1955-06-01,1955-11-01,64.86953405017921,0,0,13,1130,1.1504424778761062,1955,4
Comal Springs,6,2025-10-01,2026-03-01,68.7868919610855,0,0,16,1130,1.415929203539823,2026,5
Comal Springs,6,2024-12-01,2025-05-01,70.15035842293906,0,0,19,1130,1.6814159292035398,2025,6
Comal Springs,6,2024-07-01,2024-12-01,79.92956989247311,0,0,34,1130,3.0088495575221237,2024,7
Comal Springs,6,2023-07-01,2023-12-01,93.98548387096774,0,0,43,1130,3.8053097345132745,2023,8
Comal Springs,6,1989-06-01,1989-11-01,100.0437275985663,0,0,50,1130,4.424778761061947,1989,9
Comal Springs,6,1954-06-01,1954-11-01,103.06164874551972,0,0,52,1130,4.601769911504425,1954,10
Comal Springs,6,2014-07-01,2014-12-01,104.1141577060932,0,0,55,1130,4.867256637168142,2014,11
Comal Springs,6,2014-08-01,2015-01-01,108.65716845878137,0,0,63,1130,5.575221238938053,2015,12
Comal Springs,6,2022-07-01,2022-12-01,112.93870967741935,0,0,66,1130,5.84070796460177,2022,13
Comal Springs,6,1984-08-01,1985-01-01,117.13799283154123,0,0,74,1130,6.548672566371681,1985,14
Comal Springs,6,1989-08-01,1990-01-01,122.46075268817205,0,0,80,1130,7.079646017699115,1990,15
Comal Springs,6,1996-05-01,1996-10-01,130.1820788530466,0,0,92,1130,8.141592920353983,1996,16
Comal Springs,6,1967-04-01,1967-09-01,130.78225806451613,0,0,93,1130,8.230088495575222,1967,17
Comal Springs,6,2013-07-01,2013-12-01,147.60931899641577,0,0,111,1130,9.823008849557523,2013,18
Comal Springs,6,1996-08-01,1997-01-01,161.44784946236558,0,0,133,1130,11.76991150442478,1997,19
Comal Springs,6,1964-05-01,1964-10-01,163.04749103942652,0,0,135,1130,11.946902654867257,1964,20
Comal Springs,6,1952-04-01,1952-09-01,167.63691756272402,0,0,143,1130,12.654867256637168,1952,21
Comal Springs,6,1971-03-01,1971-08-01,167.7695340501792,0,0,144,1130,12.743362831858407,1971,22
Comal Springs,6,1963-06-01,1963-11-01,169.96881720430108,0,0,150,1130,13.274336283185843,1963,23
Comal Springs,6,1953-05-01,1953-10-01,170.213082437276,0,0,151,1130,13.362831858407079,1953,24
Comal Springs,6,1964-08-01,1965-01-01,176.46953405017922,0,0,165,1130,14.601769911504425,1965,25
Comal Springs,6,2011-06-01,2011-11-01,180.50645161290322,0,0,176,1130,15.575221238938052,2011,26
Comal Springs,6,1951-07-01,1951-12-01,186.7646953405018,0,0,187,1130,16.548672566371682,1951,27
Comal Springs,6,1990-08-01,1991-01-01,191.48978494623657,0,0,199,1130,17.61061946902655,1991,28
Comal Springs,6,2012-07-01,2012-12-01,192.40752688172043,0,0,202,1130,17.876106194690266,2012,29
Comal Springs,6,1957-08-01,1958-01-01,195.25197132616486,0,0,207,1130,18.318584070796458,1958,30
Comal Springs,6,2009-04-01,2009-09-01,203.48799283154122,0,0,220,1130,19.469026548672566,2009,31
Comal Springs,6,1967-08-01,1968-01-01,206.1594982078853,0,0,230,1130,20.353982300884958,1968,32
Comal Springs,6,1983-07-01,1983-12-01,211.17491039426523,0,0,241,1130,21.327433628318584,1983,33
Comal Springs,6,2000-05-01,2000-10-01,214.29354838709676,0,0,248,1130,21.946902654867255,2000,34
Comal Springs,6,1988-07-01,1988-12-01,232.6231182795699,0,0,282,1130,24.95575221238938,1988,35
Comal Springs,6,1962-07-01,1962-12-01,233.7584229390681,0,0,285,1130,25.221238938053098,1962,36
Comal Springs,6,1966-07-01,1966-12-01,236.95340501792114,0,0,298,1130,26.371681415929203,1966,37
Comal Springs,6,2018-04-01,2018-09-01,237.48118279569894,0,0,299,1130,26.46017699115044,2018,38
Comal Springs,6,1982-07-01,1982-12-01,237.88351254480287,0,0,303,1130,26.8141592920354,1982,39
Comal Springs,6,2006-06-01,2006-11-01,241.19731182795698,0,0,312,1130,27.61061946902655,2006,40
Comal Springs,6,1980-06-01,1980-11-01,242.17383512544802,0,0,315,1130,27.876106194690266,1980,41
Comal Springs,6,1991-08-01,1992-01-01,242.57258064516128,0,0,319,1130,28.230088495575224,1992,42
Comal Springs,6,1998-05-01,1998-10-01,243.67455197132617,0,0,326,1130,28.84955752212389,1998,43
Comal Springs,6,1950-07-01,1950-12-01,245.39390681003584,0,0,337,1130,29.82300884955752,1950,44
Comal Springs,6,2006-08-01,2007-01-01,249.09874551971325,0,0,344,1130,30.442477876106196,2007,45
Comal Springs,6,2020-11-01,2021-04-01,250.80199692780337,0,0,352,1130,31.150442477876105,2021,46
Comal Springs,6,1995-07-01,1995-12-01,254.86254480286738,0,0,365,1130,32.30088495575221,1995,47
Comal Springs,6,1948-09-01,1949-02-01,255.80017921146953,0,0,368,1130,32.56637168141593,1949,48
Comal Springs,6,2020-07-01,2020-12-01,258.06254480286736,0,0,381,1130,33.716814159292035,2020,49
Comal Springs,6,1948-07-01,1948-12-01,259.1227598566308,0,0,383,1130,33.89380530973452,1948,50
Comal Springs,6,2009-08-01,2010-01-01,260.2991039426523,0,0,389,1130,34.424778761061944,2010,51
Comal Springs,6,1980-08-01,1981-01-01,261.3611111111111,0,0,397,1130,35.13274336283186,1981,52
Comal Springs,6,2000-08-01,2001-01-01,264.6258064516129,0,0,404,1130,35.75221238938053,2001,53
Comal Springs,6,1969-07-01,1969-12-01,265.72759856630825,0,0,410,1130,36.283185840707965,1969,54
Comal Springs,6,1986-04-01,1986-09-01,267.4508960573477,0,0,418,1130,36.991150442477874,1986,55
Comal Springs,6,1971-08-01,1972-01-01,268.4917562724014,0,0,424,1130,37.52212389380531,1972,56
Comal Springs,6,2015-08-01,2016-01-01,269.94390681003586,0,0,430,1130,38.05309734513274,2016,57
Comal Springs,6,1969-08-01,1970-01-01,272.7060931899642,0,0,440,1130,38.93805309734513,1970,58
Comal Springs,6,1940-05-01,1940-10-01,274.1758064516129,0,0,446,1130,39.469026548672566,1940,59
Comal Springs,6,1940-08-01,1941-01-01,279.64964157706095,0,0,473,1130,41.858407079646014,1941,60
Comal Springs,6,1939-07-01,1939-12-01,284.7543010752688,0,0,496,1130,43.89380530973451,1939,61
Comal Springs,6,2017-07-01,2017-12-01,286.8435483870968,0,0,504,1130,44.60176991150443,2017,62
Comal Springs,6,1994-07-01,1994-12-01,286.9078853046595,0,0,505,1130,44.690265486725664,1994,63
Comal Springs,6,2008-06-01,2008-11-01,288.38082437275983,0,0,517,1130,45.75221238938053,2008,64
Comal Springs,6,1978-04-01,1978-09-01,290.98225806451615,0,0,528,1130,46.72566371681416,1978,65
Comal Springs,6,1934-11-01,1935-04-01,292.7546338965694,0,0,539,1130,47.69911504424778,1935,66
Comal Springs,6,1986-08-01,1987-01-01,293.3833333333333,0,0,544,1130,48.14159292035398,1987,67
Comal Springs,6,1959-06-01,1959-11-01,298.20537634408606,0,0,574,1130,50.796460176991154,1959,68
Comal Springs,6,1960-05-01,1960-10-01,301.4426523297491,0,0,591,1130,52.30088495575222,1960,69
Comal Springs,6,1933-06-01,1933-11-01,304.62562724014333,0,0,610,1130,53.98230088495575,1933,70
Comal Springs,6,1934-07-01,1934-12-01,305.4969534050179,0,0,618,1130,54.690265486725664,1934,71
Comal Springs,6,1999-07-01,1999-12-01,307.52150537634407,0,0,631,1130,55.84070796460176,1999,72
Comal Springs,6,1972-08-01,1973-01-01,311.69193548387096,0,0,659,1130,58.31858407079646,1973,73
Comal Springs,6,1932-01-01,1932-06-01,311.9685185185185,1,0,662,1130,58.584070796460175,1932,74
Comal Springs,6,2019-07-01,2019-12-01,313.81057347670253,0,0,676,1130,59.823008849557525,2019,75
Comal Springs,6,1943-07-01,1943-12-01,316.54982078853044,0,0,693,1130,61.32743362831859,1943,76
Comal Springs,6,1947-07-01,1947-12-01,316.73817204301076,0,0,696,1130,61.59292035398231,1947,77
Comal Springs,6,1943-08-01,1944-01-01,317.43691756272403,0,0,700,1130,61.94690265486725,1944,78
Comal Springs,6,1961-05-01,1961-10-01,319.5060931899642,0,0,712,1130,63.008849557522126,1961,79
Comal Springs,6,1937-10-01,1938-03-01,323.5802867383513,0,0,747,1130,66.10619469026548,1938,80
Comal Springs,6,1942-03-01,1942-08-01,324.32240143369177,0,0,753,1130,66.63716814159292,1942,81
Comal Springs,6,1945-11-01,1946-04-01,328.13785202252944,0,0,777,1130,68.76106194690266,1946,82
Comal Springs,6,1944-08-01,1945-01-01,328.3374551971326,0,0,780,1130,69.02654867256636,1945,83
Comal Springs,6,1937-07-01,1937-12-01,332.3469534050179,0,0,798,1130,70.61946902654867,1937,84
Comal Springs,6,1975-11-01,1976-04-01,341.9031454702756,0,0,838,1130,74.15929203539822,1976,85
Comal Springs,6,1978-08-01,1979-01-01,346.0652329749104,0,0,858,1130,75.929203539823,1979,86
Comal Springs,6,2001-08-01,2002-01-01,346.9510752688172,0,0,863,1130,76.3716814159292,2002,87
Comal Springs,6,1977-07-01,1977-12-01,352.76899641577063,0,0,898,1130,79.46902654867256,1977,88
Comal Springs,6,1935-08-01,1936-01-01,353.3256272401434,0,0,901,1130,79.73451327433628,1936,89
Comal Springs,6,1974-05-01,1974-10-01,354.40286738351256,0,0,906,1130,80.17699115044248,1974,90
Comal Springs,6,2003-12-01,2004-05-01,357.1608824619948,0,0,921,1130,81.50442477876106,2004,91
Comal Springs,6,1993-07-01,1993-12-01,357.4456989247312,0,0,924,1130,81.76991150442477,1993,92
Comal Springs,6,2005-07-01,2005-12-01,359.444623655914,0,0,940,1130,83.1858407079646,2005,93
Comal Springs,6,2003-07-01,2003-12-01,369.92240143369173,0,0,992,1130,87.78761061946902,2003,94
Comal Springs,6,1975-07-01,1975-12-01,372.35913978494625,0,0,995,1130,88.05309734513274,1975,95
Comal Springs,9,1956-04-01,1956-12-01,14.446833930704898,0,0,1,1127,0.08873114463176575,1956,1
Comal Springs,9,1956-05-01,1957-01-01,15.524014336917563,0,0,2,1127,0.1774622892635315,1957,2
Comal Springs,9,2024-09-01,2025-05-01,71.17873357228196,0,0,15,1127,1.3309671694764862,2025,3
Comal Springs,9,2025-08-01,2026-04-01,74.6857654889913,0,0,20,1127,1.774622892635315,2026,4
Comal Springs,9,1955-04-01,1955-12-01,75.30836320191159,0,0,21,1127,1.8633540372670807,1955,5
Comal Springs,9,1984-04-01,1984-12-01,94.08506571087216,0,0,40,1127,3.54924578527063,1984,6
Comal Springs,9,2024-04-01,2024-12-01,94.34934289127837,0,0,41,1127,3.6379769299023956,2024,7
Comal Springs,9,1984-05-01,1985-01-01,101.07275985663082,0,0,45,1127,3.9929015084294592,1985,8
Comal Springs,9,2023-03-01,2023-11-01,112.61947431302269,0,0,52,1127,4.614019520851819,2023,9
Comal Springs,9,2014-04-01,2014-12-01,115.33405017921147,0,0,60,1127,5.323868677905945,2014,10
Comal Springs,9,2014-05-01,2015-01-01,115.44671445639187,0,0,61,1127,5.412599822537711,2015,11
Comal Springs,9,1954-04-01,1954-12-01,115.97765830346475,0,0,63,1127,5.590062111801243,1954,12
Comal Springs,9,1989-06-01,1990-02-01,123.62797405700631,0,0,79,1127,7.009760425909494,1990,13
Comal Springs,9,1989-04-01,1989-12-01,132.51278375149343,0,0,93,1127,8.251996450754215,1989,14
Comal Springs,9,2022-04-01,2022-12-01,136.8958183990442,0,0,100,1127,8.873114463176575,2022,15
Comal Springs,9,1996-05-01,1997-01-01,148.57765830346474,0,0,106,1127,9.40550133096717,1997,16
Comal Springs,9,1996-04-01,1996-12-01,149.91338112305854,0,0,107,1127,9.494232475598935,1996,17
Comal Springs,9,1967-02-01,1967-10-01,159.52713773681515,0,0,123,1127,10.913930789707187,1967,18
Comal Springs,9,2013-04-01,2013-12-01,164.14432497013144,0,0,129,1127,11.446317657497781,2013,19
Comal Springs,9,1952-01-01,1952-09-01,173.1389857042805,0,0,144,1127,12.777284826974267,1952,20
Comal Springs,9,1990-05-01,1991-01-01,175.46129032258065,0,0,150,1127,13.309671694764862,1991,21
Comal Springs,9,1967-05-01,1968-01-01,176.2415770609319,0,0,151,1127,13.398402839396628,1968,22
Comal Springs,9,1964-05-01,1965-01-01,177.62604540023895,0,0,154,1127,13.664596273291925,1965,23
Comal Springs,9,1964-04-01,1964-12-01,178.02031063321385,0,0,155,1127,13.75332741792369,1964,24
Comal Springs,9,1953-04-01,1953-12-01,180.45400238948625,0,0,162,1127,14.374445430346054,1953,25
Comal Springs,9,1963-04-01,1963-12-01,189.1058542413381,0,0,186,1127,16.50399290150843,1963,26
Comal Springs,9,1971-02-01,1971-10-01,193.86977299880525,0,0,198,1127,17.56876663708962,1971,27
Comal Springs,9,1957-05-01,1958-01-01,194.40692951015532,0,0,199,1127,17.657497781721386,1958,28
Comal Springs,9,2011-05-01,2012-01-01,194.76774193548388,0,0,202,1127,17.92369121561668,2012,29
Comal Springs,9,1951-04-01,1951-12-01,195.94647550776583,0,0,206,1127,18.278615794143743,1951,30
Comal Springs,9,2011-04-01,2011-12-01,199.42867383512544,0,0,212,1127,18.81100266193434,2011,31
Comal Springs,9,1983-04-01,1983-12-01,222.93667861409799,0,0,262,1127,23.247559893522627,1983,32
Comal Springs,9,1971-05-01,1972-01-01,223.32222222222222,0,0,264,1127,23.425022182786158,1972,33
Comal Springs,9,2009-02-01,2009-10-01,226.44463218979348,0,0,270,1127,23.957409050576754,2009,34
Comal Springs,9,2009-05-01,2010-01-01,239.7336917562724,0,0,307,1127,27.24046140195209,2010,35
Comal Springs,9,2000-02-01,2000-10-01,240.06330902649034,0,0,310,1127,27.50665483584738,2000,36
Comal Springs,9,1991-05-01,1992-01-01,246.7074074074074,0,0,326,1127,28.926353149955634,1992,37
Comal Springs,9,1962-04-01,1962-12-01,250.09235364396653,0,0,339,1127,30.079858030168587,1962,38
Comal Springs,9,1988-04-01,1988-12-01,251.0694145758662,0,0,341,1127,30.257320319432118,1988,39
Comal Springs,9,2006-06-01,2007-02-01,252.37974910394266,0,0,344,1127,30.523513753327418,2007,40
Comal Springs,9,1966-04-01,1966-12-01,253.4505376344086,0,0,349,1127,30.967169476486244,1966,41
Comal Springs,9,1950-04-01,1950-12-01,253.55830346475508,0,0,351,1127,31.144631765749782,1950,42
Comal Springs,9,2020-08-01,2021-04-01,253.99559651817717,0,0,354,1127,31.410825199645075,2021,43
Comal Springs,9,2006-04-01,2006-12-01,256.1115890083632,0,0,359,1127,31.8544809228039,2006,44
Comal Springs,9,2000-05-01,2001-01-01,257.0531660692951,0,0,361,1127,32.03194321206744,2001,45
Comal Springs,9,2018-01-01,2018-09-01,257.13709677419354,0,0,362,1127,32.120674356699205,2018,46
Comal Springs,9,1948-07-01,1949-03-01,258.694743130227,0,0,369,1127,32.74179236912156,1949,47
Comal Springs,9,1982-04-01,1982-12-01,259.2869772998805,0,0,371,1127,32.91925465838509,1982,48
Comal Springs,9,1980-06-01,1981-02-01,260.16222904932584,0,0,374,1127,33.18544809228039,1981,49
Comal Springs,9,1980-04-01,1980-12-01,261.5885304659498,0,0,385,1127,34.161490683229815,1980,50
Comal Springs,9,1985-05-01,1986-01-01,265.52568697729987,0,0,402,1127,35.66992014196983,1986,51
Comal Springs,9,1995-04-01,1995-12-01,265.8856630824373,0,0,403,1127,35.7586512866016,1995,52
Comal Springs,9,1948-04-01,1948-12-01,267.9873357228196,0,0,415,1127,36.82342502218279,1948,53
Comal Springs,9,2020-04-01,2020-12-01,269.44109916367984,0,0,419,1127,37.17834960070985,2020,54
Comal Springs,9,1998-01-01,1998-09-01,270.1589691073562,0,0,422,1127,37.44454303460515,1998,55
Comal Springs,9,1940-03-01,1940-11-01,275.120908004779,0,0,447,1127,39.66282165039929,1940,56
Comal Springs,9,1940-05-01,1941-01-01,277.84934289127835,0,0,459,1127,40.72759538598048,1941,57
Comal Springs,9,2015-08-01,2016-04-01,279.08618217772835,0,0,465,1127,41.25998225377107,2016,58
Comal Springs,9,1969-06-01,1970-02-01,280.49668032087385,0,0,476,1127,42.2360248447205,1970,59
Comal Springs,9,1969-04-01,1969-12-01,284.3297491039427,0,0,498,1127,44.18811002661934,1969,60
Comal Springs,9,2018-05-01,2019-01-01,288.26487455197133,0,0,520,1127,46.14019520851819,2019,61
Comal Springs,9,1986-05-01,1987-01-01,289.6327359617682,0,0,529,1127,46.93877551020408,1987,62
Comal Springs,9,1939-04-01,1939-12-01,292.31517323775387,0,0,541,1127,48.00354924578527,1939,63
Comal Springs,9,1934-09-01,1935-05-01,296.39604027991123,0,0,563,1127,49.95563442768412,1935,64
Comal Springs,9,1994-04-01,1994-12-01,301.39330943847074,0,0,583,1127,51.73025732031943,1994,65
Comal Springs,9,2008-04-01,2008-12-01,302.06152927120667,0,0,589,1127,52.26264418811003,2008,66
Comal Springs,9,1998-05-01,1999-01-01,303.44014336917564,0,0,594,1127,52.70629991126885,1999,67
Comal Springs,9,1959-05-01,1960-01-01,305.7964157706093,0,0,609,1127,54.037267080745345,1960,68
Comal Springs,9,1959-04-01,1959-12-01,306.27311827956987,0,0,614,1127,54.48092280390418,1959,69
Comal Springs,9,1933-06-01,1934-02-01,306.52973203618365,0,0,616,1127,54.6583850931677,1934,70
Comal Springs,9,1978-02-01,1978-10-01,307.35913978494625,0,0,621,1127,55.10204081632652,1978,71
Comal Springs,9,1933-04-01,1933-12-01,310.98303464755077,0,0,653,1127,57.941437444543034,1933,72
Comal Springs,9,1972-06-01,1973-02-01,315.3984724355692,0,0,688,1127,61.047027506654835,1973,73
Comal Springs,9,2017-04-01,2017-12-01,317.81863799283155,0,0,711,1127,63.08784383318545,2017,74
Comal Springs,9,1960-05-01,1961-01-01,318.8793309438471,0,0,715,1127,63.442768411712514,1961,75
Comal Springs,9,1932-01-01,1932-09-01,320.84219365824856,2,0,728,1127,64.59627329192547,1932,76
Comal Springs,9,1943-05-01,1944-01-01,321.25459976105134,0,0,734,1127,65.12866015971606,1944,77
Comal Springs,9,1978-05-01,1979-01-01,322.4620071684588,0,0,746,1127,66.19343389529725,1979,78
Comal Springs,9,1943-04-01,1943-12-01,323.7898446833931,0,0,752,1127,66.72582076308784,1943,79
Comal Springs,9,1941-12-01,1942-08-01,327.8087642942482,0,0,769,1127,68.23425022182786,1942,80
Comal Springs,9,1937-08-01,1938-04-01,329.1664277180406,0,0,774,1127,68.67790594498669,1938,81
Comal Springs,9,1945-08-01,1946-04-01,330.87445809865164,0,0,780,1127,69.21029281277728,1946,82
Comal Springs,9,1947-04-01,1947-12-01,333.86869772998807,0,0,802,1127,71.16237799467613,1947,83
Comal Springs,9,2001-05-01,2002-01-01,341.14480286738353,0,0,836,1127,74.17923691215617,2002,84
Comal Springs,9,1944-06-01,1945-02-01,342.2823860727087,0,0,844,1127,74.8890860692103,1945,85
Comal Springs,9,1935-05-01,1936-01-01,344.72234169653524,0,0,861,1127,76.3975155279503,1936,86
Comal Springs,9,1937-04-01,1937-12-01,345.84647550776583,0,0,869,1127,77.10736468500443,1937,87
Comal Springs,9,1975-08-01,1976-04-01,350.8911053433857,0,0,894,1127,79.32564330079857,1976,88
Comal Springs,9,2003-09-01,2004-05-01,362.2956659663,0,0,960,1127,85.18189884649512,2004,89
Comal Springs,9,1974-03-01,1974-11-01,366.7563918757467,0,0,981,1127,87.0452528837622,1974,90
Comal Springs,9,1974-05-01,1975-01-01,369.6301075268817,0,0,997,1127,88.46495119787046,1975,91
Comal Springs,9,1993-04-01,1993-12-01,375.2112305854241,0,0,1011,1127,89.70718722271516,1993,92
Comal Springs,9,2003-04-01,2003-12-01,375.4652329749104,0,0,1013,1127,89.88464951197871,2003,93
Comal Springs,9,1977-04-01,1977-12-01,378.0864994026284,0,0,1019,1127,90.4170363797693,1977,94
Comal Springs,9,2005-04-01,2005-12-01,380.8808841099164,0,0,1029,1127,91.30434782608695,2005,95
Comal Springs,12,1956-04-01,1957-03-01,24.678443420378905,0,0,1,1124,0.0889679715302491,1957,1
Comal Springs,12,1956-01-01,1956-12-01,31.96619700902237,0,0,5,1124,0.4448398576512456,1956,2
Comal Springs,12,2024-06-01,2025-05-01,77.64695340501792,0,0,18,1124,1.601423487544484,2025,3
Comal Springs,12,2025-04-01,2026-03-01,81.65724526369688,0,0,20,1124,1.7793594306049825,2026,4
Comal Springs,12,1955-01-01,1955-12-01,90.52255504352279,0,0,36,1124,3.202846975088968,1955,5
Comal Springs,12,2024-01-01,2024-12-01,111.93877765418365,0,0,49,1124,4.359430604982206,2024,6
Comal Springs,12,2022-12-01,2023-11-01,115.82933307731695,0,0,51,1124,4.537366548042705,2023,7
Comal Springs,12,1984-02-01,1985-01-01,122.497151155605,0,0,64,1124,5.6939501779359425,1985,8
Comal Springs,12,1984-01-01,1984-12-01,123.94069954270176,0,0,69,1124,6.1387900355871885,1984,9
Comal Springs,12,2014-02-01,2015-01-01,125.56063748079877,0,0,73,1124,6.494661921708185,2015,10
Comal Springs,12,2014-01-01,2014-12-01,127.51225038402458,0,0,80,1124,7.11743772241993,2014,11
Comal Springs,12,1954-01-01,1954-12-01,135.51511776753713,0,0,90,1124,8.007117437722421,1954,12
Comal Springs,12,1989-05-01,1990-04-01,142.75960061443934,0,0,95,1124,8.451957295373665,1990,13
Comal Springs,12,1989-01-01,1989-12-01,161.9196300563236,0,0,119,1124,10.587188612099645,1989,14
Comal Springs,12,1957-02-01,1958-01-01,164.03507424475166,0,0,121,1124,10.765124555160142,1958,15
Comal Springs,12,1996-03-01,1997-02-01,164.28968253968253,0,0,123,1124,10.94306049822064,1997,16
Comal Springs,12,2022-01-01,2022-12-01,171.33286610343063,0,0,133,1124,11.832740213523131,2022,17
Comal Springs,12,1996-01-01,1996-12-01,172.87339327648004,0,0,136,1124,12.099644128113878,1996,18
Comal Springs,12,2013-01-01,2013-12-01,176.72940348182283,0,0,141,1124,12.544483985765126,2013,19
Comal Springs,12,1951-10-01,1952-09-01,177.89832529971574,0,0,142,1124,12.633451957295375,1952,20
Comal Springs,12,1990-02-01,1991-01-01,180.03531746031746,0,0,149,1124,13.256227758007116,1991,21
Comal Springs,12,1966-12-01,1967-11-01,180.22958269329237,0,0,150,1124,13.345195729537366,1967,22
Comal Springs,12,1952-02-01,1953-01-01,184.39214250401682,0,0,161,1124,14.323843416370108,1953,23
Comal Springs,12,1967-02-01,1968-01-01,184.77796979006655,0,0,163,1124,14.501779359430605,1968,24
Comal Springs,12,1963-10-01,1964-09-01,187.8065443084909,0,0,171,1124,15.213523131672599,1964,25
Comal Springs,12,1964-02-01,1965-01-01,189.03414287479916,0,0,177,1124,15.747330960854091,1965,26
Comal Springs,12,1951-01-01,1951-12-01,203.3526177675371,0,0,222,1124,19.750889679715304,1951,27
Comal Springs,12,1963-01-01,1963-12-01,207.8891065028162,0,0,228,1124,20.284697508896798,1963,28
Comal Springs,12,2011-05-01,2012-04-01,211.55556791496724,0,0,236,1124,20.99644128113879,2012,29
Comal Springs,12,1970-11-01,1971-10-01,216.44892473118279,0,0,250,1124,22.24199288256228,1971,30
Comal Springs,12,1971-02-01,1972-01-01,222.9518817204301,0,0,269,1124,23.93238434163701,1972,31
Comal Springs,12,2011-01-01,2011-12-01,226.94698540706605,0,0,276,1124,24.555160142348754,2011,32
Comal Springs,12,1983-01-01,1983-12-01,234.15508192524322,0,0,292,1124,25.97864768683274,1983,33
Comal Springs,12,2008-11-01,2009-10-01,241.94503328213005,0,0,311,1124,27.669039145907476,2009,34
Comal Springs,12,1991-02-01,1992-01-01,247.0789810547875,0,0,326,1124,29.00355871886121,1992,35
Comal Springs,12,2009-02-01,2010-01-01,247.5688684075781,0,0,330,1124,29.359430604982208,2010,36
Comal Springs,12,1999-11-01,2000-10-01,255.04416635768138,0,0,346,1124,30.782918149466195,2000,37
Comal Springs,12,2020-06-01,2021-05-01,257.6413210445468,0,0,351,1124,31.22775800711744,2021,38
Comal Springs,12,2015-02-01,2016-01-01,258.6912762416795,0,0,353,1124,31.405693950177938,2016,39
Comal Springs,12,1985-02-01,1986-01-01,259.4252496159754,0,0,357,1124,31.76156583629893,1986,40
Comal Springs,12,1950-01-01,1950-12-01,260.8109126984127,0,0,363,1124,32.295373665480426,1950,41
Comal Springs,12,2006-04-01,2007-03-01,261.9257616487455,0,0,370,1124,32.91814946619217,2007,42
Comal Springs,12,1948-05-01,1949-04-01,264.5779569892473,0,0,378,1124,33.629893238434164,1949,43
Comal Springs,12,2000-02-01,2001-01-01,265.6905821282907,0,0,385,1124,34.25266903914591,2001,44
Comal Springs,12,1962-01-01,1962-12-01,265.8163850486431,0,0,386,1124,34.34163701067616,1962,45
Comal Springs,12,2017-10-01,2018-09-01,265.92414874551974,0,0,387,1124,34.430604982206404,2018,46
Comal Springs,12,1966-01-01,1966-12-01,266.85883256528416,0,0,390,1124,34.69750889679715,1966,47
Comal Springs,12,1980-06-01,1981-05-01,267.171044546851,0,0,394,1124,35.05338078291815,1981,48
Comal Springs,12,1997-02-01,1998-01-01,270.0955069124424,0,0,411,1124,36.56583629893239,1998,49
Comal Springs,12,2006-01-01,2006-12-01,271.3374359959037,0,0,417,1124,37.09964412811388,2006,50
Comal Springs,12,1982-01-01,1982-12-01,272.60204173067075,0,0,429,1124,38.16725978647687,1982,51
Comal Springs,12,1988-01-01,1988-12-01,275.7564547027562,0,0,448,1124,39.8576512455516,1988,52
Comal Springs,12,1948-01-01,1948-12-01,276.80724261525154,0,0,452,1124,40.213523131672595,1948,53
Comal Springs,12,1995-01-01,1995-12-01,277.5552803379416,0,0,457,1124,40.65836298932384,1995,54
Comal Springs,12,1939-12-01,1940-11-01,277.76810035842294,0,0,459,1124,40.83629893238434,1940,55
Comal Springs,12,1940-02-01,1941-01-01,279.034229390681,0,0,468,1124,41.637010676156585,1941,56
Comal Springs,12,2020-01-01,2020-12-01,280.7336793968607,0,0,476,1124,42.34875444839858,2020,57
Comal Springs,12,1980-01-01,1980-12-01,282.52361883574343,0,0,487,1124,43.32740213523132,1980,58
Comal Springs,12,2018-02-01,2019-01-01,289.5342741935484,0,0,522,1124,46.44128113879004,2019,59
Comal Springs,12,1986-02-01,1987-01-01,290.2438428059396,0,0,527,1124,46.886120996441285,1987,60
Comal Springs,12,1969-01-01,1969-12-01,291.00096006144395,0,0,529,1124,47.06405693950178,1969,61
Comal Springs,12,1969-02-01,1970-01-01,291.10848694316434,0,0,531,1124,47.24199288256228,1970,62
Comal Springs,12,1939-01-01,1939-12-01,300.0954429083461,0,0,579,1124,51.512455516014235,1939,63
Comal Springs,12,1934-06-01,1935-05-01,304.2115463389657,0,0,602,1124,53.55871886120996,1935,64
Comal Springs,12,1959-08-01,1960-07-01,308.67595785440614,0,0,626,1124,55.693950177935946,1960,65
Comal Springs,12,1998-02-01,1999-01-01,309.1308755760369,0,0,632,1124,56.22775800711744,1999,66
Comal Springs,12,1972-02-01,1973-01-01,309.7245921394142,0,0,637,1124,56.67259786476868,1973,67
Comal Springs,12,1933-01-01,1933-12-01,309.843938812084,0,0,639,1124,56.85053380782919,1933,68
Comal Springs,12,1933-02-01,1934-01-01,310.4595302099334,0,0,647,1124,57.562277580071175,1934,69
Comal Springs,12,1994-01-01,1994-12-01,312.63743599590373,0,0,665,1124,59.16370106761566,1994,70
Comal Springs,12,1959-01-01,1959-12-01,313.628801843318,0,0,672,1124,59.7864768683274,1959,71
Comal Springs,12,1977-12-01,1978-11-01,319.81863799283155,0,0,723,1124,64.32384341637011,1978,72
Comal Springs,12,1960-02-01,1961-01-01,320.2955815103201,0,0,729,1124,64.85765124555161,1961,73
Comal Springs,12,1932-01-01,1932-12-01,320.60789972397316,2,0,733,1124,65.2135231316726,1932,74
Comal Springs,12,2008-01-01,2008-12-01,323.99182733901864,0,0,752,1124,66.90391459074732,2008,75
Comal Springs,12,1978-02-01,1979-01-01,324.9960573476703,0,0,755,1124,67.17081850533808,1979,76
Comal Springs,12,1943-04-01,1944-03-01,328.1784977135088,0,0,766,1124,68.14946619217082,1944,77
Comal Springs,12,1941-09-01,1942-08-01,332.15917178699436,0,0,782,1124,69.57295373665481,1942,78
Comal Springs,12,1935-02-01,1936-01-01,332.5634280593958,0,0,783,1124,69.66192170818505,1936,79
Comal Springs,12,1945-07-01,1946-06-01,336.21919482846903,0,0,806,1124,71.70818505338077,1946,80
Comal Springs,12,1937-08-01,1938-07-01,337.2924731182796,0,0,812,1124,72.24199288256227,1938,81
Comal Springs,12,2017-01-01,2017-12-01,340.194143625192,0,0,833,1124,74.11032028469751,2017,82
Comal Springs,12,1943-01-01,1943-12-01,340.26183435739887,0,0,835,1124,74.28825622775801,1943,83
Comal Springs,12,2001-07-01,2002-06-01,341.5963069636457,0,0,843,1124,75,2002,84
Comal Springs,12,1944-02-01,1945-01-01,346.24803176368806,0,0,876,1124,77.93594306049823,1945,85
Comal Springs,12,1937-01-01,1937-12-01,347.895993343574,0,0,881,1124,78.38078291814946,1937,86
Comal Springs,12,1947-01-01,1947-12-01,352.4528865847414,0,0,903,1124,80.33807829181495,1947,87
Comal Springs,12,1975-10-01,1976-09-01,357.81501359535287,0,0,934,1124,83.09608540925268,1976,88
Comal Springs,12,2003-06-01,2004-05-01,364.1165523421085,0,0,975,1124,86.74377224199287,2004,89
Comal Springs,12,1976-02-01,1977-01-01,373.46689531578295,0,0,1004,1124,89.32384341637011,1977,90
Comal Springs,12,1974-03-01,1975-02-01,377.2810995903738,0,0,1017,1124,90.48042704626334,1975,91
Comal Springs,12,1974-01-01,1974-12-01,380.43538146441375,0,0,1027,1124,91.37010676156584,1974,92
Comal Springs,12,2002-02-01,2003-01-01,384.19576932923707,0,0,1042,1124,92.70462633451957,2003,93
Comal Springs,12,1993-01-01,1993-12-01,385.33699436763953,0,0,1045,1124,92.97153024911033,1993,94
Comal Springs,12,2004-02-01,2005-01-01,389.4708534173773,0,0,1054,1124,93.77224199288257,2005,95
Comal Springs,18,1955-09-01,1957-02-01,42.18686900789237,0,0,1,1118,0.08944543828264759,1957,1
Comal Springs,18,1955-07-01,1956-12-01,43.079854158942034,0,0,4,1118,0.35778175313059035,1956,2
Comal Springs,18,2024-10-01,2026-03-01,78.01169994879672,0,0,17,1118,1.520572450805009,2026,3
Comal Springs,18,2024-07-01,2025-12-01,82.40406212664277,0,0,22,1118,1.9677996422182469,2025,4
Comal Springs,18,1954-07-01,1955-12-01,95.2073306024919,0,0,34,1118,3.041144901610018,1955,5
Comal Springs,18,2023-07-01,2024-12-01,105.95434639311169,0,0,45,1118,4.025044722719142,2024,6
Comal Springs,18,2022-07-01,2023-12-01,115.06650878989589,0,0,51,1118,4.561717352415027,2023,7
Comal Springs,18,1956-08-01,1958-01-01,115.37015702338283,0,0,52,1118,4.651162790697675,1958,8
Comal Springs,18,2013-08-01,2015-01-01,133.03923024406896,0,0,69,1118,6.171735241502684,2015,9
Comal Springs,18,2013-07-01,2014-12-01,134.21127325482163,0,0,70,1118,6.261180679785331,2014,10
Comal Springs,18,1989-05-01,1990-10-01,147.50729646697388,0,0,80,1118,7.155635062611807,1990,11
Comal Springs,18,1953-07-01,1954-12-01,148.10320873869262,0,0,84,1118,7.5134168157423975,1954,12
Comal Springs,18,1983-08-01,1985-01-01,152.28400280146664,0,0,91,1118,8.13953488372093,1985,13
Comal Springs,18,1983-07-01,1984-12-01,153.01876982655625,0,0,92,1118,8.228980322003578,1984,14
Comal Springs,18,1989-08-01,1991-01-01,160.84379586960233,0,0,106,1118,9.481216457960643,1991,15
Comal Springs,18,2012-07-01,2013-12-01,181.95544461512205,0,0,138,1118,12.343470483005367,2013,16
Comal Springs,18,1951-06-01,1952-11-01,182.39834589873522,0,0,141,1118,12.611806797853308,1952,17
Comal Springs,18,1963-06-01,1964-11-01,182.55358628929264,0,0,142,1118,12.701252236135957,1964,18
Comal Springs,18,1963-08-01,1965-01-01,184.86105343385654,0,0,150,1118,13.416815742397137,1965,19
Comal Springs,18,1952-03-01,1953-08-01,184.90280764635602,0,0,151,1118,13.506261180679784,1953,20
Comal Springs,18,1988-07-01,1989-12-01,185.48745946407237,0,0,155,1118,13.864042933810374,1989,21
Comal Springs,18,1995-10-01,1997-03-01,192.72090359070336,0,0,178,1118,15.92128801431127,1997,22
Comal Springs,18,1966-07-01,1967-12-01,199.81852705239803,0,0,199,1118,17.79964221824687,1967,23
Comal Springs,18,1995-07-01,1996-12-01,200.20311045194248,0,0,200,1118,17.88908765652952,1996,24
Comal Springs,18,1966-08-01,1968-01-01,202.61243386243385,0,0,204,1118,18.246869409660107,1968,25
Comal Springs,18,2011-06-01,2012-11-01,205.71816833518724,0,0,218,1118,19.499105545617173,2012,26
Comal Springs,18,2021-07-01,2022-12-01,207.3950290151903,0,0,221,1118,19.767441860465116,2022,27
Comal Springs,18,2014-08-01,2016-01-01,208.67990698071344,0,0,224,1118,20.03577817531306,2016,28
Comal Springs,18,1984-08-01,1986-01-01,211.99616402116402,0,0,236,1118,21.10912343470483,1986,29
Comal Springs,18,1962-07-01,1963-12-01,216.51221198156682,0,0,249,1118,22.271914132379248,1963,30
Comal Springs,18,1950-07-01,1951-12-01,217.36638078170336,0,0,255,1118,22.808586762075134,1951,31
Comal Springs,18,1990-08-01,1992-01-01,228.54924901860386,0,0,278,1118,24.86583184257603,1992,32
Comal Springs,18,1996-08-01,1998-01-01,233.87962109575014,0,0,291,1118,26.028622540250446,1998,33
Comal Springs,18,1982-07-01,1983-12-01,235.39789213176311,0,0,292,1118,26.118067978533094,1983,34
Comal Springs,18,1964-08-01,1966-01-01,238.03997695852533,0,0,295,1118,26.386404293381037,1966,35
Comal Springs,18,1970-07-01,1971-12-01,240.5252688172043,0,0,301,1118,26.923076923076923,1971,36
Comal Springs,18,1970-08-01,1972-01-01,241.7456989247312,0,0,306,1118,27.370304114490164,1972,37
Comal Springs,18,2008-06-01,2009-11-01,257.98288957159923,0,0,349,1118,31.216457960644007,2009,38
Comal Springs,18,2010-07-01,2011-12-01,262.18980628093533,0,0,364,1118,32.55813953488372,2011,39
Comal Springs,18,2008-08-01,2010-01-01,262.25445468509986,0,0,366,1118,32.73703041144901,2010,40
Comal Springs,18,2020-06-01,2021-11-01,265.7869260966035,0,0,376,1118,33.631484794275494,2021,41
Comal Springs,18,1949-07-01,1950-12-01,271.18045314900155,0,0,402,1118,35.95706618962433,1950,42
Comal Springs,18,1999-06-01,2000-11-01,275.8634346805092,0,0,423,1118,37.83542039355993,2000,43
Comal Springs,18,1948-06-01,1949-11-01,276.9568697729988,0,0,427,1118,38.19320214669052,1949,44
Comal Springs,18,1999-08-01,2001-01-01,277.1037572611544,0,0,428,1118,38.28264758497317,2001,45
Comal Springs,18,1957-08-01,1959-01-01,277.3710360129715,0,0,431,1118,38.55098389982111,1959,46
Comal Springs,18,2006-01-01,2007-06-01,279.84487967229904,0,0,451,1118,40.33989266547406,2007,47
Comal Springs,18,1939-07-01,1940-12-01,280.2652927120669,0,0,455,1118,40.69767441860465,1940,48
Comal Springs,18,1994-07-01,1995-12-01,280.67281532684757,0,0,456,1118,40.7871198568873,1995,49
Comal Springs,18,1939-08-01,1941-01-01,281.93195937873355,0,0,465,1118,41.59212880143113,1941,50
Comal Springs,18,1967-08-01,1969-01-01,282.14763317266096,0,0,467,1118,41.77101967799642,1969,51
Comal Springs,18,2017-06-01,2018-11-01,282.60427120669056,0,0,473,1118,42.30769230769231,2018,52
Comal Springs,18,1980-04-01,1981-09-01,284.53386243386245,0,0,488,1118,43.64937388193202,1981,53
Comal Springs,18,1985-08-01,1987-01-01,284.7241508789896,0,0,489,1118,43.73881932021467,1987,54
Comal Springs,18,1961-07-01,1962-12-01,285.0883427206008,0,0,492,1118,44.00715563506261,1962,55
Comal Springs,18,2017-08-01,2019-01-01,289.35062724014335,0,0,517,1118,46.2432915921288,2019,56
Comal Springs,18,1981-07-01,1982-12-01,289.5336192182966,0,0,518,1118,46.332737030411444,1982,57
Comal Springs,18,1947-07-01,1948-12-01,290.1175524245046,0,0,522,1118,46.69051878354204,1948,58
Comal Springs,18,2019-07-01,2020-12-01,291.75931075680796,0,0,534,1118,47.76386404293381,2020,59
Comal Springs,18,1969-07-01,1970-12-01,292.6795826932924,0,0,537,1118,48.032200357781754,1970,60
Comal Springs,18,1971-08-01,1973-01-01,295.9803135170766,0,0,557,1118,49.8211091234347,1973,61
Comal Springs,18,2005-07-01,2006-12-01,300.7064985492405,0,0,582,1118,52.05724508050089,2006,62
Comal Springs,18,1997-08-01,1999-01-01,301.43766854412013,0,0,587,1118,52.50447227191414,1999,63
Comal Springs,18,1987-07-01,1988-12-01,304.84701520207636,0,0,602,1118,53.84615384615385,1988,64
Comal Springs,18,1959-05-01,1960-10-01,307.46981419684425,0,0,613,1118,54.830053667262966,1960,65
Comal Springs,18,1933-10-01,1935-03-01,308.35087898958864,0,0,617,1118,55.18783542039356,1935,66
Comal Springs,18,1933-07-01,1934-12-01,311.02836661546337,0,0,645,1118,57.692307692307686,1934,67
Comal Springs,18,1938-07-01,1939-12-01,314.13614951356885,0,0,668,1118,59.74955277280859,1939,68
Comal Springs,18,1959-08-01,1961-01-01,315.1481296090306,0,0,677,1118,60.55456171735242,1961,69
Comal Springs,18,1932-07-01,1933-12-01,316.31171951786524,1,0,685,1118,61.27012522361359,1933,70
Comal Springs,18,1979-07-01,1980-12-01,316.7954949944383,0,0,697,1118,62.34347048300537,1980,71
Comal Springs,18,2000-08-01,2002-01-01,318.0409284860898,0,0,707,1118,63.23792486583184,2002,72
Comal Springs,18,1934-08-01,1936-01-01,321.4606246799795,0,0,731,1118,65.38461538461539,1936,73
Comal Springs,18,2015-08-01,2017-01-01,323.95312693115807,0,0,742,1118,66.3685152057245,2017,74
Comal Springs,18,1940-08-01,1942-01-01,324.0437190646868,0,0,745,1118,66.63685152057245,1942,75
Comal Springs,18,1993-07-01,1994-12-01,327.5735236388462,0,0,768,1118,68.69409660107334,1994,76
Comal Springs,18,2006-08-01,2008-01-01,331.3376642771804,0,0,790,1118,70.6618962432916,2008,77
Comal Springs,18,1977-07-01,1978-12-01,331.35227001194744,0,0,791,1118,70.75134168157425,1978,78
Comal Springs,18,1977-08-01,1979-01-01,332.9615890083632,0,0,798,1118,71.37745974955277,1979,79
Comal Springs,18,1943-06-01,1944-11-01,335.5363819882174,0,0,810,1118,72.45080500894454,1944,80
Comal Springs,18,1943-08-01,1945-01-01,336.64432703003337,0,0,817,1118,73.07692307692307,1945,81
Comal Springs,18,1937-07-01,1938-12-01,339.28542413381126,0,0,830,1118,74.23971377459749,1938,82
Comal Springs,18,1944-09-01,1946-02-01,347.47197047277695,0,0,879,1118,78.62254025044723,1946,83
Comal Springs,18,1942-07-01,1943-12-01,349.4825012800819,0,0,895,1118,80.05366726296958,1943,84
Comal Springs,18,1936-07-01,1937-12-01,352.39320703191675,0,0,925,1118,82.73703041144901,1937,85
Comal Springs,18,1945-08-01,1947-01-01,355.07701399556237,0,0,940,1118,84.07871198568873,1947,86
Comal Springs,18,1972-08-01,1974-01-01,365.79577146270697,0,0,990,1118,88.5509838998211,1974,87
Comal Springs,18,1975-07-01,1976-12-01,368.98832447575495,0,0,1000,1118,89.44543828264759,1976,88
Comal Springs,18,2003-05-01,2004-10-01,369.05553907634,0,0,1001,1118,89.53488372093024,2004,89
Comal Springs,18,1975-08-01,1977-01-01,369.94710583776214,0,0,1006,1118,89.98211091234347,1977,90
Comal Springs,18,2001-08-01,2003-01-01,371.7808713090971,0,0,1010,1118,90.33989266547407,2003,91
Comal Springs,18,1991-08-01,1993-01-01,378.12535533308613,0,0,1026,1118,91.77101967799642,1993,92
Comal Springs,18,2003-08-01,2005-01-01,381.70022246941045,0,0,1038,1118,92.84436493738819,2005,93
Comal Springs,18,1974-06-01,1975-11-01,384.19839136371394,0,0,1045,1118,93.47048300536672,1975,94
Comal Springs,24,1955-05-01,1957-04-01,51.08289369140314,0,0,1,1112,0.08992805755395684,1957,1
Comal Springs,24,1955-01-01,1956-12-01,61.244376026272576,0,0,7,1112,0.6294964028776978,1956,2
Comal Springs,24,2024-05-01,2026-04-01,82.85272657450076,0,0,18,1112,1.618705035971223,2026,3
Comal Springs,24,1956-02-01,1958-01-01,96.34203347634939,0,0,29,1112,2.6079136690647484,1958,4
Comal Springs,24,2024-01-01,2025-12-01,97.79004294895563,0,0,30,1112,2.697841726618705,2025,5
Comal Springs,24,1954-01-01,1955-12-01,113.01883640552995,0,0,46,1112,4.136690647482014,1955,6
Comal Springs,24,2023-01-01,2024-12-01,114.0345930001589,0,0,47,1112,4.226618705035971,2024,7
Comal Springs,24,2022-01-01,2023-12-01,143.7316372247824,0,0,69,1112,6.205035971223022,2023,8
Comal Springs,24,2013-04-01,2015-03-01,147.23406618023554,0,0,70,1112,6.294964028776978,2015,9
Comal Springs,24,2013-01-01,2014-12-01,152.1208269329237,0,0,77,1112,6.924460431654676,2014,10
Comal Springs,24,1953-01-01,1954-12-01,163.57498719918075,0,0,88,1112,7.913669064748201,1954,11
Comal Springs,24,1989-04-01,1991-03-01,167.27005248335894,0,0,91,1112,8.183453237410072,1991,12
Comal Springs,24,1989-01-01,1990-12-01,168.8968285970302,0,0,98,1112,8.81294964028777,1990,13
Comal Springs,24,1983-07-01,1985-06-01,173.45739214206262,0,0,107,1112,9.622302158273381,1985,14
Comal Springs,24,1983-01-01,1984-12-01,179.0478907339725,0,0,125,1112,11.241007194244604,1984,15
Comal Springs,24,1951-09-01,1953-08-01,185.65901928068223,0,0,137,1112,12.320143884892087,1953,16
Comal Springs,24,1984-02-01,1986-01-01,190.96120038579022,0,0,156,1112,14.028776978417264,1986,17
Comal Springs,24,2014-02-01,2016-01-01,192.12595686123913,0,0,161,1112,14.47841726618705,2016,18
Comal Springs,24,1951-01-01,1952-12-01,192.26754142609954,0,0,164,1112,14.748201438848922,1952,19
Comal Springs,24,1963-03-01,1965-02-01,195.76053981937602,0,0,173,1112,15.557553956834532,1965,20
Comal Springs,24,2012-01-01,2013-12-01,197.25789788477496,0,0,178,1112,16.007194244604317,2013,21
Comal Springs,24,1963-01-01,1964-12-01,198.51001178558187,0,0,182,1112,16.366906474820144,1964,22
Comal Springs,24,1995-07-01,1997-06-01,209.1657672987623,0,0,213,1112,19.154676258992804,1997,23
Comal Springs,24,1990-02-01,1992-01-01,213.55714925755248,0,0,227,1112,20.413669064748202,1992,24
Comal Springs,24,1996-02-01,1998-01-01,218.6255791267193,0,0,243,1112,21.85251798561151,1998,25
Comal Springs,24,1988-01-01,1989-12-01,218.83804237953987,0,0,244,1112,21.942446043165468,1989,26
Comal Springs,24,2021-01-01,2022-12-01,220.60685163850485,0,0,248,1112,22.302158273381295,2022,27
Comal Springs,24,2011-01-01,2012-12-01,222.36668884739657,0,0,252,1112,22.66187050359712,2012,28
Comal Springs,24,1966-02-01,1968-01-01,223.28883128520226,0,0,253,1112,22.75179856115108,1968,29
Comal Springs,24,1966-01-01,1967-12-01,224.0549603174603,0,0,255,1112,22.93165467625899,1967,30
Comal Springs,24,1995-01-01,1996-12-01,225.21433680721083,0,0,259,1112,23.29136690647482,1996,31
Comal Springs,24,1964-02-01,1966-01-01,228.92967064374878,0,0,273,1112,24.550359712230215,1966,32
Comal Springs,24,1950-01-01,1951-12-01,232.0817652329749,0,0,282,1112,25.359712230215827,1951,33
Comal Springs,24,1962-01-01,1963-12-01,236.85274577572966,0,0,295,1112,26.52877697841727,1963,34
Comal Springs,24,1957-02-01,1959-01-01,241.23282130056322,0,0,306,1112,27.51798561151079,1959,35
Comal Springs,24,1967-02-01,1969-01-01,252.4598352225577,0,0,334,1112,30.035971223021583,1969,36
Comal Springs,24,1982-01-01,1983-12-01,253.378561827957,0,0,338,1112,30.39568345323741,1983,37
Comal Springs,24,1970-07-01,1972-06-01,257.8251992955135,0,0,348,1112,31.294964028776977,1972,38
Comal Springs,24,1969-11-01,1971-10-01,261.8272497439836,0,0,366,1112,32.913669064748206,1971,39
Comal Springs,24,1971-02-01,1973-01-01,266.3382369299221,0,0,388,1112,34.89208633093525,1973,40
Comal Springs,24,1949-01-01,1950-12-01,273.6282162058372,0,0,411,1112,36.960431654676256,1950,41
Comal Springs,24,1985-02-01,1987-01-01,274.8345462109575,0,0,415,1112,37.32014388489209,1987,42
Comal Springs,24,2020-01-01,2021-12-01,275.3072582852199,0,0,417,1112,37.5,2021,43
Comal Springs,24,2008-05-01,2010-04-01,278.92684971838196,0,0,431,1112,38.75899280575539,2010,44
Comal Springs,24,1948-01-01,1949-12-01,281.6263811642566,0,0,450,1112,40.46762589928058,1949,45
Comal Springs,24,2008-01-01,2009-12-01,284.3569607765242,0,0,460,1112,41.36690647482014,2009,46
Comal Springs,24,2010-01-01,2011-12-01,285.06666986687145,0,0,461,1112,41.456834532374096,2011,47
Comal Springs,24,1939-03-01,1941-02-01,287.21585381464416,0,0,472,1112,42.44604316546763,1941,48
Comal Springs,24,1939-01-01,1940-12-01,289.05811571940603,0,0,486,1112,43.70503597122302,1940,49
Comal Springs,24,1997-02-01,1999-01-01,289.61319124423966,0,0,490,1112,44.064748201438846,1999,50
Comal Springs,24,1999-09-01,2001-08-01,290.92665947172344,0,0,494,1112,44.42446043165468,2001,51
Comal Springs,24,1981-01-01,1982-12-01,292.45132808499744,0,0,503,1112,45.23381294964029,1982,52
Comal Springs,24,1994-01-01,1995-12-01,295.0963581669227,0,0,525,1112,47.21223021582734,1995,53
Comal Springs,24,1980-01-01,1981-12-01,297.41211663753376,0,0,542,1112,48.74100719424461,1981,54
Comal Springs,24,1969-01-01,1970-12-01,298.5782674091142,0,0,555,1112,49.910071942446045,1970,55
Comal Springs,24,2005-07-01,2007-06-01,299.74481566820276,0,0,564,1112,50.719424460431654,2007,56
Comal Springs,24,1961-01-01,1962-12-01,299.9999807987711,0,0,565,1112,50.80935251798561,1962,57
Comal Springs,24,1999-01-01,2000-12-01,301.9744129279446,0,0,578,1112,51.97841726618705,2000,58
Comal Springs,24,2015-02-01,2017-01-01,304.82450661669935,0,0,596,1112,53.597122302158276,2017,59
Comal Springs,24,2000-02-01,2002-01-01,305.2195358158095,0,0,599,1112,53.86690647482014,2002,60
Comal Springs,24,2017-06-01,2019-05-01,306.06354006656426,0,0,604,1112,54.31654676258992,2019,61
Comal Springs,24,1933-06-01,1935-05-01,308.1541986687148,0,0,612,1112,55.03597122302158,1935,62
Comal Springs,24,2017-01-01,2018-12-01,311.53087557603686,0,0,643,1112,57.82374100719424,2018,63
Comal Springs,24,1933-01-01,1934-12-01,311.88069956477216,0,0,646,1112,58.09352517985612,1934,64
Comal Springs,24,1940-02-01,1942-01-01,312.63749359959036,0,0,650,1112,58.45323741007194,1942,65
Comal Springs,24,2019-01-01,2020-12-01,312.7508322739552,0,0,651,1112,58.543165467625904,2020,66
Comal Springs,24,1958-08-01,1960-07-01,312.78015762663983,0,0,652,1112,58.63309352517986,1960,67
Comal Springs,24,1947-01-01,1948-12-01,314.63006459999644,0,0,675,1112,60.701438848920866,1948,68
Comal Springs,24,1932-01-01,1933-12-01,315.2259192680286,2,0,684,1112,61.51079136690647,1933,69
Comal Springs,24,1959-02-01,1961-01-01,316.54014866606633,0,0,699,1112,62.85971223021583,1961,70
Comal Springs,24,1987-01-01,1988-12-01,318.0924682627964,0,0,716,1112,64.38848920863309,1988,71
Comal Springs,24,2006-02-01,2008-01-01,319.812602406554,0,0,731,1112,65.73741007194245,2008,72
Comal Springs,24,1938-01-01,1939-12-01,321.425051203277,0,0,749,1112,67.35611510791367,1939,73
Comal Springs,24,1934-02-01,1936-01-01,322.32243343573987,0,0,754,1112,67.80575539568345,1936,74
Comal Springs,24,2005-01-01,2006-12-01,334.76676267281107,0,0,820,1112,73.7410071942446,2006,75
Comal Springs,24,1979-01-01,1980-12-01,338.63867193707296,0,0,833,1112,74.91007194244604,1980,76
Comal Springs,24,1943-03-01,1945-02-01,339.7431723078553,0,0,838,1112,75.35971223021582,1945,77
Comal Springs,24,1943-01-01,1944-12-01,342.758965318608,0,0,858,1112,77.15827338129496,1944,78
Comal Springs,24,1942-01-01,1943-12-01,344.2847862263185,0,0,872,1112,78.41726618705036,1943,79
Comal Springs,24,1937-01-01,1938-12-01,345.3253264208909,0,0,878,1112,78.9568345323741,1938,80
Comal Springs,24,1935-02-01,1937-01-01,345.55294440913184,0,0,879,1112,79.04676258992805,1937,81
Comal Springs,24,1944-07-01,1946-06-01,346.3678219406042,0,0,885,1112,79.58633093525181,1946,82
Comal Springs,24,1991-02-01,1993-01-01,346.49036186591803,0,0,886,1112,79.67625899280576,1993,83
Comal Springs,24,1977-06-01,1979-05-01,348.4965309779826,0,0,899,1112,80.84532374100719,1979,84
Comal Springs,24,1993-01-01,1994-12-01,348.98721518177166,0,0,903,1112,81.20503597122301,1994,85
Comal Springs,24,1972-02-01,1974-01-01,351.28614079576954,0,0,924,1112,83.09352517985612,1974,86
Comal Springs,24,1977-01-01,1978-12-01,354.8200204813108,0,0,953,1112,85.70143884892086,1978,87
Comal Springs,24,1946-01-01,1947-12-01,355.5649385560676,0,0,955,1112,85.88129496402878,1947,88
Comal Springs,24,2001-02-01,2003-01-01,364.47212941628266,0,0,1002,1112,90.10791366906474,2003,89
Comal Springs,24,1974-05-01,1976-04-01,374.4173666287056,0,0,1018,1112,91.54676258992805,1976,90
Comal Springs,24,1975-12-01,1977-11-01,377.9506007556897,0,0,1027,1112,92.35611510791367,1977,91
Comal Springs,24,2002-04-01,2004-03-01,381.6678575842647,0,0,1047,1112,94.15467625899281,2004,92
Comal Springs,24,1973-02-01,1975-01-01,385.3337397593446,0,0,1065,1112,95.77338129496404,1975,93
Comal Springs,24,2003-02-01,2005-01-01,386.17726618641524,0,0,1072,1112,96.40287769784173,2005,94
San Marcos Springs,3,1956-07-01,1956-09-01,55.74336917562724,0,0,1,840,0.11904761904761905,1956,1
San Marcos Springs,3,1956-11-01,1957-01-01,72.17491039426524,0,0,6,840,0.7142857142857143,1957,2
San Marcos Springs,3,2023-08-01,2023-10-01,73.86021505376344,0,0,8,840,0.9523809523809524,2023,3
San Marcos Springs,3,1984-07-01,1984-09-01,77.42114695340501,0,0,10,840,1.1904761904761905,1984,4
San Marcos Springs,3,2026-02-01,2026-04-01,78.29482846902202,0,0,12,840,1.4285714285714286,2026,5
San Marcos Springs,3,1989-10-01,1989-12-01,82.69749103942652,0,0,18,840,2.142857142857143,1989,6
San Marcos Springs,3,2024-11-01,2025-01-01,82.9010752688172,0,0,19,840,2.261904761904762,2025,7
San Marcos Springs,3,1989-11-01,1990-01-01,83.27813620071684,0,0,21,840,2.5,1990,8
San Marcos Springs,3,2024-10-01,2024-12-01,84.2989247311828,0,0,27,840,3.214285714285714,2024,9
San Marcos Springs,3,1963-10-01,1963-12-01,84.78709677419356,0,0,29,840,3.4523809523809526,1963,10
San Marcos Springs,3,1963-12-01,1964-02-01,85.146829810901,0,0,31,840,3.6904761904761907,1964,11
San Marcos Springs,3,1996-06-01,1996-08-01,86.45519713261649,0,0,38,840,4.523809523809524,1996,12
San Marcos Springs,3,2022-10-01,2022-12-01,86.45878136200717,0,0,39,840,4.642857142857143,2022,13
San Marcos Springs,3,1967-06-01,1967-08-01,87.88494623655913,0,0,47,840,5.595238095238096,1967,14
San Marcos Springs,3,2009-06-01,2009-08-01,88.22365591397849,0,0,49,840,5.833333333333333,2009,15
San Marcos Springs,3,2011-09-01,2011-11-01,92.07921146953404,0,0,63,840,7.5,2011,16
San Marcos Springs,3,1996-11-01,1997-01-01,94.40609318996415,0,0,73,840,8.69047619047619,1997,17
San Marcos Springs,3,2006-09-01,2006-11-01,95.61756272401433,0,0,78,840,9.285714285714286,2006,18
San Marcos Springs,3,2011-11-01,2012-01-01,100.04121863799283,0,0,101,840,12.023809523809524,2012,19
San Marcos Springs,3,2008-10-01,2008-12-01,103.78351254480286,0,0,120,840,14.285714285714285,2008,20
San Marcos Springs,3,1964-11-01,1965-01-01,104.68387096774194,0,0,121,840,14.404761904761903,1965,21
San Marcos Springs,3,2013-03-01,2013-05-01,106.5752688172043,0,0,126,840,15,2013,22
San Marcos Springs,3,2021-02-01,2021-04-01,107.07498719918075,0,0,129,840,15.357142857142858,2021,23
San Marcos Springs,3,2014-09-01,2014-11-01,107.64014336917563,0,0,130,840,15.476190476190476,2014,24
San Marcos Springs,3,1971-07-01,1971-09-01,108.32759856630824,0,0,132,840,15.714285714285714,1971,25
San Marcos Springs,3,1962-06-01,1962-08-01,111.67204301075269,0,0,150,840,17.857142857142858,1962,26
San Marcos Springs,3,1999-11-01,2000-01-01,113.14802867383513,0,0,158,840,18.80952380952381,2000,27
San Marcos Springs,3,1978-06-01,1978-08-01,113.52043010752688,0,0,162,840,19.28571428571429,1978,28
San Marcos Springs,3,1999-10-01,1999-12-01,114.27706093189964,0,0,167,840,19.88095238095238,1999,29
San Marcos Springs,3,2006-11-01,2007-01-01,114.73655913978494,0,0,168,840,20,2007,30
San Marcos Springs,3,1984-11-01,1985-01-01,114.7605734767025,0,0,169,840,20.11904761904762,1985,31
San Marcos Springs,3,1988-10-01,1988-12-01,117.22437275985664,0,0,182,840,21.666666666666668,1988,32
San Marcos Springs,3,1982-11-01,1983-01-01,117.24551971326164,0,0,183,840,21.785714285714285,1983,33
San Marcos Springs,3,2014-11-01,2015-01-01,117.76774193548387,0,0,187,840,22.26190476190476,2015,34
San Marcos Springs,3,1982-10-01,1982-12-01,118.65412186379928,0,0,193,840,22.976190476190474,1982,35
San Marcos Springs,3,1966-10-01,1966-12-01,119.25448028673836,0,0,197,840,23.452380952380953,1966,36
San Marcos Springs,3,1994-08-01,1994-10-01,125.59749103942652,0,0,223,840,26.547619047619047,1994,37
San Marcos Springs,3,1980-02-01,1980-04-01,125.85507353849957,0,0,225,840,26.785714285714285,1980,38
San Marcos Springs,3,1981-01-01,1981-03-01,126.10253456221199,0,0,230,840,27.380952380952383,1981,39
San Marcos Springs,3,2020-10-01,2020-12-01,132.80716845878135,0,0,267,840,31.785714285714285,2020,40
San Marcos Springs,3,1990-11-01,1991-01-01,134.49247311827958,0,0,281,840,33.45238095238095,1991,41
San Marcos Springs,3,1968-12-01,1969-02-01,136.28763440860214,0,0,288,840,34.285714285714285,1969,42
San Marcos Springs,3,1995-10-01,1995-12-01,138.1856630824373,0,0,301,840,35.833333333333336,1995,43
San Marcos Springs,3,2018-06-01,2018-08-01,140.51146953405018,0,0,312,840,37.142857142857146,2018,44
San Marcos Springs,3,1959-07-01,1959-09-01,143.52867383512546,0,0,325,840,38.69047619047619,1959,45
San Marcos Springs,3,1972-09-01,1972-11-01,143.95770609318996,0,0,329,840,39.166666666666664,1972,46
San Marcos Springs,3,1968-10-01,1968-12-01,145.12724014336916,0,0,333,840,39.64285714285714,1968,47
San Marcos Springs,3,1978-11-01,1979-01-01,147.13118279569892,0,0,342,840,40.714285714285715,1979,48
San Marcos Springs,3,1977-10-01,1977-12-01,148.91075268817204,0,0,356,840,42.38095238095238,1977,49
San Marcos Springs,3,1976-02-01,1976-04-01,149.14000741564703,0,0,358,840,42.61904761904762,1976,50
San Marcos Springs,3,1969-11-01,1970-01-01,149.90681003584228,0,0,360,840,42.857142857142854,1970,51
San Marcos Springs,3,1961-10-01,1961-12-01,151.81720430107526,0,0,369,840,43.92857142857143,1961,52
San Marcos Springs,3,1959-12-01,1960-02-01,152.12235817575083,0,0,371,840,44.166666666666664,1960,53
San Marcos Springs,3,2004-02-01,2004-04-01,153.88137436658016,0,0,385,840,45.83333333333333,2004,54
San Marcos Springs,3,1993-10-01,1993-12-01,156.73082437275986,0,0,400,840,47.61904761904761,1993,55
San Marcos Springs,3,1972-11-01,1973-01-01,157.13333333333333,0,0,402,840,47.85714285714286,1973,56
San Marcos Springs,3,2005-10-01,2005-12-01,158.2293906810036,0,0,407,840,48.45238095238095,2005,57
San Marcos Springs,3,1998-06-01,1998-08-01,158.6458781362007,0,0,411,840,48.92857142857142,1998,58
San Marcos Springs,3,1974-07-01,1974-09-01,159.86881720430108,0,0,417,840,49.642857142857146,1974,59
San Marcos Springs,3,1958-08-01,1958-10-01,171.6698924731183,0,0,481,840,57.26190476190476,1958,60
San Marcos Springs,3,2019-10-01,2019-12-01,173.85555555555555,0,0,492,840,58.57142857142858,2019,61
San Marcos Springs,3,2003-10-01,2003-12-01,174.0867383512545,0,0,494,840,58.80952380952381,2003,62
San Marcos Springs,3,1986-03-01,1986-05-01,180.55555555555554,0,0,519,840,61.78571428571429,1986,63
San Marcos Springs,3,2010-10-01,2010-12-01,184.39498207885305,0,0,543,840,64.64285714285715,2010,64
San Marcos Springs,3,2017-10-01,2017-12-01,187.4225806451613,0,0,558,840,66.42857142857143,2017,65
San Marcos Springs,3,2001-06-01,2001-08-01,191.1204301075269,0,0,563,840,67.02380952380952,2001,66
San Marcos Springs,3,1975-10-01,1975-12-01,193.27849462365592,0,0,569,840,67.73809523809524,1975,67
San Marcos Springs,3,2002-04-01,2002-06-01,193.68387096774194,0,0,574,840,68.33333333333333,2002,68
San Marcos Springs,3,1987-10-01,1987-12-01,206.7293906810036,0,0,627,840,74.64285714285714,1987,69
San Marcos Springs,3,1992-10-01,1992-12-01,223.86344086021506,0,0,679,840,80.83333333333333,1992,70
San Marcos Springs,3,2016-02-01,2016-04-01,250.34797923618837,0,0,753,840,89.64285714285715,2016,71
San Marcos Springs,6,1956-06-01,1956-11-01,60.95179211469534,0,0,1,837,0.11947431302270012,1956,1
San Marcos Springs,6,1956-08-01,1957-01-01,65.63118279569892,0,0,3,837,0.35842293906810035,1957,2
San Marcos Springs,6,2023-07-01,2023-12-01,80.09068100358422,0,0,6,837,0.7168458781362007,2023,3
San Marcos Springs,6,2025-11-01,2026-04-01,80.89329237071172,0,0,8,837,0.955794504181601,2026,4
San Marcos Springs,6,2023-08-01,2024-01-01,83.19820788530465,0,0,12,837,1.4336917562724014,2024,5
San Marcos Springs,6,1989-09-01,1990-02-01,83.88157962109575,0,0,14,837,1.6726403823178015,1990,6
San Marcos Springs,6,2024-11-01,2025-04-01,84.27649769585253,0,0,15,837,1.7921146953405016,2025,7
San Marcos Springs,6,1963-09-01,1964-02-01,85.36911383018169,0,0,21,837,2.5089605734767026,1964,8
San Marcos Springs,6,1984-06-01,1984-11-01,86.20394265232974,0,0,26,837,3.106332138590203,1984,9
San Marcos Springs,6,1989-07-01,1989-12-01,89.3836917562724,0,0,40,837,4.778972520908005,1989,10
San Marcos Springs,6,2022-07-01,2022-12-01,89.69086021505376,0,0,43,837,5.137395459976105,2022,11
San Marcos Springs,6,2009-04-01,2009-09-01,90.99283154121864,0,0,49,837,5.854241338112306,2009,12
San Marcos Springs,6,1963-07-01,1963-12-01,91.27956989247312,0,0,50,837,5.973715651135006,1963,13
San Marcos Springs,6,1996-07-01,1996-12-01,94.15179211469534,0,0,60,837,7.168458781362006,1996,14
San Marcos Springs,6,2011-07-01,2011-12-01,95.88906810035843,0,0,68,837,8.124253285543608,2011,15
San Marcos Springs,6,1967-04-01,1967-09-01,95.97043010752688,0,0,69,837,8.24372759856631,1967,16
San Marcos Springs,6,1984-08-01,1985-01-01,96.20913978494623,0,0,70,837,8.363201911589007,1985,17
San Marcos Springs,6,2011-08-01,2012-01-01,96.36756272401433,0,0,72,837,8.60215053763441,2012,18
San Marcos Springs,6,1996-08-01,1997-01-01,96.60340501792115,0,0,74,837,8.841099163679809,1997,19
San Marcos Springs,6,2006-07-01,2006-12-01,98.88405017921147,0,0,86,837,10.27479091995221,2006,20
San Marcos Springs,6,1964-08-01,1965-01-01,100.61254480286738,0,0,97,837,11.589008363201913,1965,21
San Marcos Springs,6,2006-08-01,2007-01-01,105.28727598566309,0,0,111,837,13.261648745519713,2007,22
San Marcos Springs,6,2013-04-01,2013-09-01,109.26917562724014,0,0,121,837,14.456391875746716,2013,23
San Marcos Springs,6,1971-06-01,1971-11-01,110.70860215053763,0,0,127,837,15.173237753882916,1971,24
San Marcos Springs,6,2014-08-01,2015-01-01,113.51899641577062,0,0,143,837,17.084826762246117,2015,25
San Marcos Springs,6,1999-11-01,2000-04-01,113.66062291434928,0,0,145,837,17.32377538829152,2000,26
San Marcos Springs,6,2008-07-01,2008-12-01,113.97150537634408,0,0,147,837,17.562724014336915,2008,27
San Marcos Springs,6,1978-03-01,1978-08-01,115.04193548387097,0,0,153,837,18.27956989247312,1978,28
San Marcos Springs,6,2020-11-01,2021-04-01,115.24215309779825,0,0,154,837,18.39904420549582,2021,29
San Marcos Springs,6,2014-07-01,2014-12-01,115.4168458781362,0,0,155,837,18.51851851851852,2014,30
San Marcos Springs,6,1982-09-01,1983-02-01,118.55238095238096,0,0,170,837,20.31063321385902,1983,31
San Marcos Springs,6,1982-07-01,1982-12-01,121.23709677419355,0,0,184,837,21.983273596176822,1982,32
San Marcos Springs,6,1962-03-01,1962-08-01,121.60394265232975,0,0,186,837,22.22222222222222,1962,33
San Marcos Springs,6,1988-07-01,1988-12-01,121.75483870967741,0,0,187,837,22.341696535244925,1988,34
San Marcos Springs,6,1980-10-01,1981-03-01,127.63477982590886,0,0,222,837,26.523297491039425,1981,35
San Marcos Springs,6,1990-08-01,1991-01-01,129.72025089605734,0,0,234,837,27.956989247311824,1991,36
San Marcos Springs,6,1967-08-01,1968-01-01,130.3689964157706,0,0,241,837,28.793309438470725,1968,37
San Marcos Springs,6,1994-05-01,1994-10-01,130.40143369175627,0,0,244,837,29.15173237753883,1994,38
San Marcos Springs,6,1980-07-01,1980-12-01,131.18351254480285,0,0,246,837,29.39068100358423,1980,39
San Marcos Springs,6,1966-07-01,1966-12-01,131.497311827957,0,0,251,837,29.988052568697732,1966,40
San Marcos Springs,6,1999-07-01,1999-12-01,132.76666666666668,0,0,263,837,31.42174432497013,1999,41
San Marcos Springs,6,1978-08-01,1979-01-01,133.84175627240143,0,0,273,837,32.61648745519714,1979,42
San Marcos Springs,6,1971-08-01,1972-01-01,138.11415770609318,0,0,290,837,34.64755077658304,1972,43
San Marcos Springs,6,1994-08-01,1995-01-01,138.5747311827957,0,0,291,837,34.76702508960574,1995,44
San Marcos Springs,6,2020-07-01,2020-12-01,140.36505376344087,0,0,302,837,36.081242532855434,2020,45
San Marcos Springs,6,1968-10-01,1969-03-01,141.9171146953405,0,0,312,837,37.27598566308244,1969,46
San Marcos Springs,6,2009-08-01,2010-01-01,147.21863799283153,0,0,330,837,39.42652329749104,2010,47
San Marcos Springs,6,1959-08-01,1960-01-01,149.76075268817203,0,0,341,837,40.74074074074074,1960,48
San Marcos Springs,6,1959-07-01,1959-12-01,150.80913978494624,0,0,346,837,41.33811230585424,1959,49
San Marcos Springs,6,1972-08-01,1973-01-01,151.87132616487455,0,0,351,837,41.935483870967744,1973,50
San Marcos Springs,6,1969-08-01,1970-01-01,152.4569892473118,0,0,354,837,42.29390681003584,1970,51
San Marcos Springs,6,2018-04-01,2018-09-01,154.5668458781362,0,0,368,837,43.966547192353644,2018,52
San Marcos Springs,6,2003-11-01,2004-04-01,158.91954022988506,0,0,397,837,47.43130227001195,2004,53
San Marcos Springs,6,1961-07-01,1961-12-01,160.39336917562724,0,0,405,837,48.38709677419355,1961,54
San Marcos Springs,6,1975-11-01,1976-04-01,165.42430478309234,0,0,434,837,51.85185185185185,1976,55
San Marcos Springs,6,1974-04-01,1974-09-01,170.0010752688172,0,0,457,837,54.59976105137395,1974,56
San Marcos Springs,6,2000-08-01,2001-01-01,170.41541218637994,0,0,461,837,55.07765830346476,2001,57
San Marcos Springs,6,1977-07-01,1977-12-01,173.5173835125448,0,0,481,837,57.46714456391876,1977,58
San Marcos Springs,6,1998-04-01,1998-09-01,174.6725806451613,0,0,483,837,57.70609318996416,1998,59
San Marcos Springs,6,2005-07-01,2005-12-01,176.7489247311828,0,0,498,837,59.49820788530465,2005,60
San Marcos Springs,6,1993-07-01,1993-12-01,177.19767025089607,0,0,502,837,59.976105137395464,1993,61
San Marcos Springs,6,1957-08-01,1958-01-01,183.22437275985664,0,0,525,837,62.72401433691756,1958,62
San Marcos Springs,6,2003-07-01,2003-12-01,187.80931899641578,0,0,550,837,65.71087216248507,2003,63
San Marcos Springs,6,2019-07-01,2019-12-01,192.67634408602152,0,0,568,837,67.86140979689367,2019,64
San Marcos Springs,6,1974-08-01,1975-01-01,192.8394265232975,0,0,569,837,67.98088410991637,1975,65
San Marcos Springs,6,2017-07-01,2017-12-01,196.6258064516129,0,0,580,837,69.29510155316608,2017,66
San Marcos Springs,6,1985-09-01,1986-02-01,199.47695852534562,0,0,587,837,70.13142174432497,1986,67
San Marcos Springs,6,1986-08-01,1987-01-01,202.4168458781362,0,0,604,837,72.16248506571087,1987,68
San Marcos Springs,6,1991-08-01,1992-01-01,210.6899641577061,0,0,640,837,76.46356033452808,1992,69
San Marcos Springs,6,2002-02-01,2002-07-01,236.26570660522273,0,0,723,837,86.37992831541219,2002,70
San Marcos Springs,6,2016-07-01,2016-12-01,270.0668458781362,0,0,782,837,93.4289127837515,2016,71
San Marcos Springs,9,1956-06-01,1957-02-01,64.92907492746203,0,0,1,834,0.1199040767386091,1957,1
San Marcos Springs,9,2025-09-01,2026-05-01,83.72276839051032,0,0,4,834,0.4796163069544364,2026,2
San Marcos Springs,9,2023-04-01,2023-12-01,84.13452807646355,1,0,6,834,0.7194244604316548,2023,3
San Marcos Springs,9,2024-09-01,2025-05-01,85.52853729305342,0,0,10,834,1.1990407673860912,2025,4
San Marcos Springs,9,2023-05-01,2024-01-01,86.08614097968936,1,0,13,834,1.5587529976019185,2024,5
San Marcos Springs,9,1963-08-01,1964-04-01,88.705096197421,0,0,20,834,2.3980815347721824,1964,6
San Marcos Springs,9,1989-07-01,1990-03-01,88.87804232804233,0,0,22,834,2.6378896882494005,1990,7
San Marcos Springs,9,1984-04-01,1984-12-01,92.58219832735962,0,0,41,834,4.916067146282973,1984,8
San Marcos Springs,9,2009-01-01,2009-09-01,93.5505205666496,0,0,47,834,5.635491606714628,2009,9
San Marcos Springs,9,1996-06-01,1997-02-01,95.1457842635262,0,0,53,834,6.3549160671462825,1997,10
San Marcos Springs,9,1996-04-01,1996-12-01,95.56200716845878,0,0,56,834,6.71462829736211,1996,11
San Marcos Springs,9,1984-05-01,1985-01-01,95.78112305854242,0,0,57,834,6.83453237410072,1985,12
San Marcos Springs,9,1989-04-01,1989-12-01,96.37335722819594,0,0,60,834,7.1942446043165464,1989,13
San Marcos Springs,9,1967-01-01,1967-09-01,98.21287762416794,0,0,66,834,7.913669064748201,1967,14
San Marcos Springs,9,1964-05-01,1965-01-01,101.28578255675029,0,0,79,834,9.47242206235012,1965,15
San Marcos Springs,9,2011-05-01,2012-01-01,101.74671445639187,0,0,82,834,9.832134292565947,2012,16
San Marcos Springs,9,2022-04-01,2022-12-01,102.37718040621266,0,0,85,834,10.191846522781775,2022,17
San Marcos Springs,9,1963-04-01,1963-12-01,103.110513739546,0,0,88,834,10.551558752997602,1963,18
San Marcos Springs,9,2011-04-01,2011-12-01,105.09115890083632,0,0,95,834,11.390887290167866,2011,19
San Marcos Springs,9,2006-04-01,2006-12-01,105.2516129032258,0,0,96,834,11.510791366906476,2006,20
San Marcos Springs,9,2006-05-01,2007-01-01,108.5295101553166,0,0,105,834,12.589928057553957,2007,21
San Marcos Springs,9,2013-02-01,2013-10-01,110.55886670080218,0,0,113,834,13.549160671462829,2013,22
San Marcos Springs,9,1971-03-01,1971-11-01,115.54647550776583,0,0,132,834,15.827338129496402,1971,23
San Marcos Springs,9,1999-09-01,2000-05-01,116.28211181147778,0,0,136,834,16.30695443645084,2000,24
San Marcos Springs,9,1978-02-01,1978-10-01,117.7763270182625,0,0,146,834,17.505995203836928,1978,25
San Marcos Springs,9,1967-05-01,1968-01-01,118.18614097968937,0,0,149,834,17.86570743405276,1968,26
San Marcos Springs,9,2014-04-01,2014-12-01,121.01194743130227,0,0,164,834,19.664268585131893,2014,27
San Marcos Springs,9,2014-05-01,2015-01-01,121.11135005973716,0,0,166,834,19.904076738609113,2015,28
San Marcos Springs,9,1982-06-01,1983-02-01,121.41938897422769,0,0,168,834,20.14388489208633,1983,29
San Marcos Springs,9,2020-09-01,2021-05-01,123.4368236900495,0,0,181,834,21.70263788968825,2021,30
San Marcos Springs,9,2008-04-01,2008-12-01,123.55388291517323,0,0,185,834,22.18225419664269,2008,31
San Marcos Springs,9,1982-04-01,1982-12-01,124.57706093189964,0,0,189,834,22.66187050359712,1982,32
San Marcos Springs,9,1962-01-01,1962-09-01,127.6758405871309,0,0,205,834,24.580335731414866,1962,33
San Marcos Springs,9,1978-05-01,1979-01-01,127.77407407407408,0,0,207,834,24.820143884892087,1979,34
San Marcos Springs,9,2009-05-01,2010-01-01,128.19522102747908,0,0,208,834,24.940047961630697,2010,35
San Marcos Springs,9,1990-05-01,1991-01-01,128.90621266427718,0,0,213,834,25.539568345323744,1991,36
San Marcos Springs,9,1971-05-01,1972-01-01,128.98136200716846,0,0,215,834,25.77937649880096,1972,37
San Marcos Springs,9,1980-08-01,1981-04-01,129.29403481822837,0,0,218,834,26.139088729016784,1981,38
San Marcos Springs,9,1980-03-01,1980-11-01,131.60800477897251,0,0,235,834,28.177458033573146,1980,39
San Marcos Springs,9,1988-04-01,1988-12-01,131.9180406212664,0,0,239,834,28.65707434052758,1988,40
San Marcos Springs,9,1994-02-01,1994-10-01,132.7031233998976,0,0,243,834,29.136690647482016,1994,41
San Marcos Springs,9,1994-05-01,1995-01-01,137.4516129032258,0,0,275,834,32.97362110311751,1995,42
San Marcos Springs,9,1966-04-01,1966-12-01,143.9553166069295,0,0,308,834,36.930455635491604,1966,43
San Marcos Springs,9,2020-04-01,2020-12-01,149.55101553166068,0,0,329,834,39.4484412470024,2020,44
San Marcos Springs,9,1999-04-01,1999-12-01,150.1825567502987,0,0,332,834,39.80815347721823,1999,45
San Marcos Springs,9,1968-08-01,1969-04-01,150.7719832735962,0,0,335,834,40.16786570743405,1969,46
San Marcos Springs,9,1959-07-01,1960-03-01,151.56945989370905,0,0,342,834,41.007194244604314,1960,47
San Marcos Springs,9,1959-04-01,1959-12-01,156.7121863799283,0,0,370,834,44.36450839328538,1959,48
San Marcos Springs,9,2018-01-01,2018-09-01,157.16745178358082,0,0,371,834,44.48441247002398,2018,49
San Marcos Springs,9,1972-05-01,1973-01-01,157.4968936678614,0,0,373,834,44.724220623501196,1973,50
San Marcos Springs,9,2000-05-01,2001-01-01,162.4821983273596,0,0,400,834,47.961630695443645,2001,51
San Marcos Springs,9,1969-07-01,1970-03-01,162.78174603174602,0,0,404,834,48.44124700239808,1970,52
San Marcos Springs,9,2003-09-01,2004-05-01,167.68996827751,0,0,437,834,52.39808153477218,2004,53
San Marcos Springs,9,1974-02-01,1974-10-01,174.3678443420379,0,0,471,834,56.4748201438849,1974,54
San Marcos Springs,9,1961-04-01,1961-12-01,176.05017921146953,0,0,485,834,58.153477218225426,1961,55
San Marcos Springs,9,1997-12-01,1998-08-01,176.37119815668203,0,0,487,834,58.39328537170264,1998,56
San Marcos Springs,9,1975-09-01,1976-05-01,179.20640629506036,0,0,500,834,59.95203836930456,1976,57
San Marcos Springs,9,2018-05-01,2019-01-01,182.46547192353643,0,0,516,834,61.87050359712231,2019,58
San Marcos Springs,9,1957-05-01,1958-01-01,183.0205495818399,0,0,519,834,62.23021582733813,1958,59
San Marcos Springs,9,1974-05-01,1975-01-01,187.04707287933095,0,0,535,834,64.14868105515588,1975,60
San Marcos Springs,9,1993-04-01,1993-12-01,188.6882915173238,0,0,543,834,65.10791366906474,1993,61
San Marcos Springs,9,1985-09-01,1986-05-01,193.16982420208228,0,0,566,834,67.86570743405275,1986,62
San Marcos Springs,9,1977-04-01,1977-12-01,203.8247311827957,0,0,614,834,73.621103117506,1977,63
San Marcos Springs,9,2005-04-01,2005-12-01,207.07025089605733,0,0,622,834,74.58033573141488,2005,64
San Marcos Springs,9,2003-04-01,2003-12-01,209.1336917562724,0,0,630,834,75.53956834532374,2003,65
San Marcos Springs,9,1986-05-01,1987-01-01,210.07968936678614,0,0,637,834,76.378896882494,1987,66
San Marcos Springs,9,1991-05-01,1992-01-01,211.8715651135006,0,0,648,834,77.6978417266187,1992,67
San Marcos Springs,9,2017-04-01,2017-12-01,218.05352449223417,0,0,671,834,80.45563549160671,2017,68
San Marcos Springs,9,2001-05-01,2002-01-01,231.98339307048985,0,0,721,834,86.45083932853717,2002,69
San Marcos Springs,9,2015-08-01,2016-04-01,268.99341243356815,0,0,788,834,94.48441247002398,2016,70
San Marcos Springs,12,1956-06-01,1957-05-01,84.25361623143881,0,0,1,831,0.12033694344163659,1957,1
San Marcos Springs,12,2023-01-01,2023-12-01,85.19901433691756,1,0,2,831,0.24067388688327318,2023,2
San Marcos Springs,12,2023-02-01,2024-01-01,86.47589605734767,1,0,6,831,0.7220216606498195,2024,3
San Marcos Springs,12,2025-05-01,2026-04-01,87.56098310291858,0,0,8,831,0.9626955475330927,2026,4
San Marcos Springs,12,2024-10-01,2025-09-01,89.1558115719406,0,0,15,831,1.8050541516245486,2025,5
San Marcos Springs,12,1963-09-01,1964-08-01,91.65194042763565,0,0,26,831,3.1287605294825513,1964,6
San Marcos Springs,12,1989-05-01,1990-04-01,94.0217037890425,0,0,33,831,3.9711191335740073,1990,7
San Marcos Springs,12,2008-10-01,2009-09-01,96.10876856118792,0,0,41,831,4.9338146811071,2009,8
San Marcos Springs,12,1996-03-01,1997-02-01,97.06157834101383,0,0,45,831,5.415162454873646,1997,9
San Marcos Springs,12,1964-02-01,1965-01-01,98.6490730441231,0,0,52,831,6.257521058965103,1965,10
San Marcos Springs,12,1996-01-01,1996-12-01,99.31027067111606,0,0,56,831,6.738868832731648,1996,11
San Marcos Springs,12,1984-01-01,1984-12-01,99.70518786305772,0,0,58,831,6.979542719614922,1984,12
San Marcos Springs,12,1984-02-01,1985-01-01,100.18099431467063,0,0,59,831,7.099879663056559,1985,13
San Marcos Springs,12,1989-01-01,1989-12-01,100.24411162314388,0,0,60,831,7.2202166064981945,1989,14
San Marcos Springs,12,1966-11-01,1967-10-01,102.66682667690732,0,0,69,831,8.303249097472925,1967,15
San Marcos Springs,12,1963-01-01,1963-12-01,108.82261264720943,0,0,94,831,11.311672683513839,1963,16
San Marcos Springs,12,2006-01-01,2006-12-01,111.83531105990784,0,0,105,831,12.63537906137184,2006,17
San Marcos Springs,12,2011-03-01,2012-02-01,112.45898838215301,0,0,110,831,13.237063778580024,2012,18
San Marcos Springs,12,2006-02-01,2007-01-01,112.6525153609831,0,0,112,831,13.477737665463296,2007,19
San Marcos Springs,12,2012-11-01,2013-10-01,114.4565156169995,0,0,121,831,14.560770156438027,2013,20
San Marcos Springs,12,1967-02-01,1968-01-01,114.54899513568868,0,0,122,831,14.681107099879661,1968,21
San Marcos Springs,12,2011-01-01,2011-12-01,117.53284690220174,0,0,133,831,16.004813477737663,2011,22
San Marcos Springs,12,2022-01-01,2022-12-01,118.33002432155658,0,0,134,831,16.125150421179303,2022,23
San Marcos Springs,12,1990-02-01,1991-01-01,120.5551267281106,0,0,138,831,16.60649819494585,1991,24
San Marcos Springs,12,1977-12-01,1978-11-01,120.60697644649258,0,0,139,831,16.726835138387486,1978,25
San Marcos Springs,12,2009-02-01,2010-01-01,120.6476574500768,0,0,140,831,16.84717208182912,2010,26
San Marcos Springs,12,1999-10-01,2000-09-01,122.59473798047213,0,0,150,831,18.050541516245488,2000,27
San Marcos Springs,12,1982-03-01,1983-02-01,123.98828725038402,0,0,156,831,18.772563176895307,1983,28
San Marcos Springs,12,1970-12-01,1971-11-01,124.95670762928827,0,0,161,831,19.374247894103487,1971,29
San Marcos Springs,12,1978-02-01,1979-01-01,125.1150409626216,0,0,162,831,19.494584837545126,1979,30
San Marcos Springs,12,2014-02-01,2015-01-01,125.24455965181772,0,0,163,831,19.614921780986762,2015,31
San Marcos Springs,12,2014-01-01,2014-12-01,128.3386456733231,0,0,181,831,21.780986762936223,2014,32
San Marcos Springs,12,1982-01-01,1982-12-01,129.15889016897083,0,0,186,831,22.382671480144403,1982,33
San Marcos Springs,12,1971-02-01,1972-01-01,130.05616999487967,0,0,196,831,23.586040914560773,1972,34
San Marcos Springs,12,1980-03-01,1981-02-01,130.40636840757807,0,0,200,831,24.067388688327316,1981,35
San Marcos Springs,12,1980-01-01,1980-12-01,132.1835712520084,0,0,211,831,25.391095066185322,1980,36
San Marcos Springs,12,1962-01-01,1962-12-01,132.4392281105991,0,0,215,831,25.872442839951866,1962,37
San Marcos Springs,12,2020-08-01,2021-07-01,132.46202636968766,0,0,216,831,25.992779783393498,2021,38
San Marcos Springs,12,1994-01-01,1994-12-01,136.22447516641066,0,0,242,831,29.121540312876053,1994,39
San Marcos Springs,12,1994-02-01,1995-01-01,137.41533538146442,0,0,251,831,30.20457280385078,1995,40
San Marcos Springs,12,2008-01-01,2008-12-01,139.31465208256085,0,0,264,831,31.768953068592058,2008,41
San Marcos Springs,12,1988-01-01,1988-12-01,140.6226239031022,0,0,276,831,33.2129963898917,1988,42
San Marcos Springs,12,2020-01-01,2020-12-01,150.30063650970214,0,0,325,831,39.10950661853189,2020,43
San Marcos Springs,12,2000-02-01,2001-01-01,150.40495303423558,0,0,327,831,39.35018050541516,2001,44
San Marcos Springs,12,1966-01-01,1966-12-01,153.93326932923708,0,0,345,831,41.51624548736462,1966,45
San Marcos Springs,12,1959-04-01,1960-03-01,155.80666481275492,0,0,353,831,42.478941034897716,1960,46
San Marcos Springs,12,1972-02-01,1973-01-01,158.56672846372513,0,0,368,831,44.28399518652226,1973,47
San Marcos Springs,12,1959-01-01,1959-12-01,160.3656490015361,0,0,379,831,45.607701564380264,1959,48
San Marcos Springs,12,1968-10-01,1969-09-01,161.73982974910393,0,0,392,831,47.172081829121545,1969,49
San Marcos Springs,12,1957-02-01,1958-01-01,162.1533474142345,0,0,400,831,48.13477737665463,1958,50
San Marcos Springs,12,2017-11-01,2018-10-01,163.48661034306195,0,0,410,831,49.338146811071,2018,51
San Marcos Springs,12,1969-02-01,1970-01-01,164.52074372759856,0,0,416,831,50.06016847172082,1970,52
San Marcos Springs,12,2003-07-01,2004-06-01,178.4448955629712,0,0,483,831,58.12274368231047,2004,53
San Marcos Springs,12,2018-02-01,2019-01-01,178.8663594470046,0,0,486,831,58.48375451263538,2019,54
San Marcos Springs,12,1997-10-01,1998-09-01,179.48870327700973,0,0,489,831,58.844765342960294,1998,55
San Marcos Springs,12,1999-01-01,1999-12-01,180.5547363031234,0,0,492,831,59.205776173285194,1999,56
San Marcos Springs,12,1974-01-01,1974-12-01,184.81172555043523,0,0,520,831,62.57521058965102,1974,57
San Marcos Springs,12,1974-02-01,1975-01-01,185.86011264720943,0,0,530,831,63.77858002406739,1975,58
San Marcos Springs,12,1985-02-01,1986-01-01,189.22106374807987,0,0,540,831,64.98194945848375,1986,59
San Marcos Springs,12,1993-01-01,1993-12-01,190.73799283154122,0,0,545,831,65.58363417569194,1993,60
San Marcos Springs,12,1961-01-01,1961-12-01,191.30241935483872,0,0,550,831,66.18531889290013,1961,61
San Marcos Springs,12,1975-10-01,1976-09-01,193.78428500803363,0,0,562,831,67.62936221419976,1976,62
San Marcos Springs,12,1986-02-01,1987-01-01,203.42772657450075,0,0,620,831,74.60890493381469,1987,63
San Marcos Springs,12,1991-02-01,1992-01-01,208.534863031234,0,0,642,831,77.25631768953069,1992,64
San Marcos Springs,12,1976-02-01,1977-01-01,219.73948214065013,0,0,686,831,82.5511432009627,1977,65
San Marcos Springs,12,2017-01-01,2017-12-01,222.0433115719406,0,0,693,831,83.39350180505414,2017,66
San Marcos Springs,12,2004-02-01,2005-01-01,226.46604251637623,0,0,705,831,84.83754512635379,2005,67
San Marcos Springs,12,2001-07-01,2002-06-01,230.62523681515617,0,0,714,831,85.92057761732852,2002,68
San Marcos Springs,12,2003-01-01,2003-12-01,233.98496543778802,0,0,722,831,86.8832731648616,2003,69
San Marcos Springs,12,2015-02-01,2016-01-01,252.71935483870968,0,0,765,831,92.05776173285199,2016,70
San Marcos Springs,18,2024-11-01,2026-04-01,86.46615463389656,0,0,1,825,0.12121212121212122,2026,1
San Marcos Springs,18,2022-07-01,2023-12-01,86.6962962962963,1,0,2,825,0.24242424242424243,2023,2
San Marcos Springs,18,2022-08-01,2024-01-01,86.96690561529272,1,0,4,825,0.48484848484848486,2024,3
San Marcos Springs,18,2024-07-01,2025-12-01,90.29879672299028,0,0,12,825,1.4545454545454546,2025,4
San Marcos Springs,18,1963-07-01,1964-12-01,94.85027808676307,0,0,18,825,2.181818181818182,1964,5
San Marcos Springs,18,1963-08-01,1965-01-01,94.99543937708565,0,0,19,825,2.3030303030303028,1965,6
San Marcos Springs,18,1988-11-01,1990-04-01,100.32858422939069,0,0,29,825,3.5151515151515147,1990,7
San Marcos Springs,18,1995-11-01,1997-04-01,106.41713470581658,0,0,61,825,7.3939393939393945,1997,8
San Marcos Springs,18,1988-07-01,1989-12-01,107.41435398532172,0,0,63,825,7.636363636363637,1989,9
San Marcos Springs,18,2008-05-01,2009-10-01,107.92119815668202,0,0,65,825,7.878787878787878,2009,10
San Marcos Springs,18,1989-08-01,1991-01-01,109.06249786653012,0,0,71,825,8.606060606060606,1991,11
San Marcos Springs,18,1983-09-01,1985-02-01,112.51278183872734,0,0,75,825,9.090909090909092,1985,12
San Marcos Springs,18,1956-06-01,1957-11-01,113.83885048643113,0,0,82,825,9.93939393939394,1957,13
San Marcos Springs,18,1966-07-01,1967-12-01,115.31492148830858,0,0,87,825,10.545454545454545,1967,14
San Marcos Springs,18,1983-07-01,1984-12-01,115.37024471635151,0,0,89,825,10.787878787878787,1984,15
San Marcos Springs,18,2008-08-01,2010-01-01,116.53696876600102,0,0,92,825,11.15151515151515,2010,16
San Marcos Springs,18,1962-07-01,1963-12-01,116.9949436763953,0,0,95,825,11.515151515151516,1963,17
San Marcos Springs,18,1995-07-01,1996-12-01,117.49627363737486,0,0,96,825,11.636363636363637,1996,18
San Marcos Springs,18,1966-08-01,1968-01-01,117.6034519542584,0,0,97,825,11.757575757575758,1968,19
San Marcos Springs,18,2005-09-01,2007-02-01,128.67876344086022,0,0,129,825,15.636363636363637,2007,20
San Marcos Springs,18,2012-12-01,2014-05-01,129.40782556750298,0,0,130,825,15.757575757575756,2014,21
San Marcos Springs,18,1956-08-01,1958-01-01,129.97929254138933,0,0,133,825,16.12121212121212,1958,22
San Marcos Springs,18,1979-12-01,1981-05-01,132.1490876105726,0,0,153,825,18.545454545454547,1981,23
San Marcos Springs,18,2013-08-01,2015-01-01,132.71088923024408,0,0,157,825,19.03030303030303,2015,24
San Marcos Springs,18,2010-10-01,2012-03-01,133.17430596017914,0,0,162,825,19.636363636363637,2012,25
San Marcos Springs,18,1999-05-01,2000-10-01,133.36728051744737,0,0,165,825,20,2000,26
San Marcos Springs,18,2005-07-01,2006-12-01,133.47318228366615,0,0,167,825,20.242424242424242,2006,27
San Marcos Springs,18,2012-07-01,2013-12-01,133.99705581157195,0,0,168,825,20.363636363636363,2013,28
San Marcos Springs,18,1981-12-01,1983-05-01,134.25200119474314,0,0,170,825,20.606060606060606,1983,29
San Marcos Springs,18,1977-08-01,1979-01-01,136.09144905273936,0,0,188,825,22.78787878787879,1979,30
San Marcos Springs,18,2021-07-01,2022-12-01,136.40800904591228,0,0,191,825,23.151515151515152,2022,31
San Marcos Springs,18,1977-07-01,1978-12-01,138.34772145417307,0,0,211,825,25.575757575757574,1978,32
San Marcos Springs,18,1970-12-01,1972-05-01,140.54316289116068,0,0,227,825,27.515151515151516,1972,33
San Marcos Springs,18,1999-08-01,2001-01-01,140.7764203023936,0,0,229,825,27.757575757575758,2001,34
San Marcos Springs,18,2019-12-01,2021-05-01,141.4315601991631,0,0,236,825,28.606060606060606,2021,35
San Marcos Springs,18,1961-07-01,1962-12-01,141.75727513227514,0,0,240,825,29.09090909090909,1962,36
San Marcos Springs,18,1993-12-01,1995-05-01,142.22005034988905,0,0,247,825,29.939393939393938,1995,37
San Marcos Springs,18,2010-07-01,2011-12-01,144.70009387267453,0,0,275,825,33.33333333333333,2011,38
San Marcos Springs,18,1979-07-01,1980-12-01,146.74490174267706,0,0,294,825,35.63636363636364,1980,39
San Marcos Springs,18,1970-07-01,1971-12-01,148.74539170506912,0,0,309,825,37.45454545454546,1971,40
San Marcos Springs,18,1993-07-01,1994-12-01,149.88220686123913,0,0,318,825,38.54545454545455,1994,41
San Marcos Springs,18,1964-08-01,1966-01-01,151.4004693633726,0,0,329,825,39.87878787878788,1966,42
San Marcos Springs,18,1971-08-01,1973-01-01,151.7492048778478,0,0,331,825,40.12121212121212,1973,43
San Marcos Springs,18,1981-07-01,1982-12-01,156.5522828127667,0,0,352,825,42.66666666666667,1982,44
San Marcos Springs,18,1984-08-01,1986-01-01,158.217089093702,0,0,356,825,43.15151515151515,1986,45
San Marcos Springs,18,1968-09-01,1970-02-01,159.62752176139273,0,0,364,825,44.121212121212125,1970,46
San Marcos Springs,18,1996-08-01,1998-01-01,161.15473203618365,0,0,374,825,45.33333333333333,1998,47
San Marcos Springs,18,1968-07-01,1969-12-01,162.77428315412186,0,0,383,825,46.42424242424242,1969,48
San Marcos Springs,18,2019-07-01,2020-12-01,164.42587236847527,0,0,389,825,47.15151515151515,2020,49
San Marcos Springs,18,1958-11-01,1960-04-01,164.98345413186902,0,0,393,825,47.63636363636364,1960,50
San Marcos Springs,18,1958-07-01,1959-12-01,169.65744580986518,0,0,433,825,52.48484848484849,1959,51
San Marcos Springs,18,1987-07-01,1988-12-01,179.1500288386273,0,0,488,825,59.151515151515156,1988,52
San Marcos Springs,18,2017-07-01,2018-12-01,179.8005120327701,0,0,490,825,59.3939393939394,2018,53
San Marcos Springs,18,1990-08-01,1992-01-01,182.2633256528418,0,0,505,825,61.212121212121204,1992,54
San Marcos Springs,18,2017-08-01,2019-01-01,182.70552995391705,0,0,509,825,61.696969696969695,2019,55
San Marcos Springs,18,1959-08-01,1961-01-01,184.7098195525893,0,0,516,825,62.54545454545455,1961,56
San Marcos Springs,18,2003-05-01,2004-10-01,194.32013348164628,0,0,559,825,67.75757575757576,2004,57
San Marcos Springs,18,1972-08-01,1974-01-01,198.9153524492234,0,0,587,825,71.15151515151516,1974,58
San Marcos Springs,18,2007-07-01,2008-12-01,201.25666172290198,0,0,599,825,72.60606060606061,2008,59
San Marcos Springs,18,1985-08-01,1987-01-01,202.22869943676395,0,0,606,825,73.45454545454545,1987,60
San Marcos Springs,18,1973-08-01,1975-01-01,202.9258576548899,0,0,610,825,73.93939393939394,1975,61
San Marcos Springs,18,1998-07-01,1999-12-01,203.84837856289468,0,0,618,825,74.90909090909092,1999,62
San Marcos Springs,18,2014-08-01,2016-01-01,206.31923536439666,0,0,634,825,76.84848484848484,2016,63
San Marcos Springs,18,2003-08-01,2005-01-01,210.1413999093643,0,0,660,825,80,2005,64
San Marcos Springs,18,1975-05-01,1976-10-01,213.01305977835455,0,0,668,825,80.96969696969697,1976,65
San Marcos Springs,18,1975-08-01,1977-01-01,213.55314341037368,0,0,673,825,81.57575757575758,1977,66
San Marcos Springs,18,2000-08-01,2002-01-01,215.63550947260626,0,0,683,825,82.78787878787878,2002,67
San Marcos Springs,18,1992-07-01,1993-12-01,218.05531660692952,0,0,700,825,84.84848484848484,1993,68
San Marcos Springs,18,2016-07-01,2017-12-01,238.05115634067246,0,0,759,825,92,2017,69
San Marcos Springs,18,2002-07-01,2003-12-01,256.8218766001024,0,0,783,825,94.9090909090909,2003,70
San Marcos Springs,24,2024-07-01,2026-06-01,88.58899769585254,0,0,1,819,0.1221001221001221,2026,1
San Marcos Springs,24,2023-06-01,2025-05-01,97.36609327824567,0,0,7,819,0.8547008547008548,2025,2
San Marcos Springs,24,2022-05-01,2024-04-01,97.72631473241874,1,0,9,819,1.098901098901099,2024,3
San Marcos Springs,24,2022-01-01,2023-12-01,101.76451932923707,1,0,32,819,3.907203907203907,2023,4
San Marcos Springs,24,1963-02-01,1965-01-01,101.91326220050497,0,0,33,819,4.029304029304029,1965,5
San Marcos Springs,24,1963-01-01,1964-12-01,102.72912241555873,0,0,34,819,4.151404151404151,1964,6
San Marcos Springs,24,1988-08-01,1990-07-01,106.1959005376344,0,0,40,819,4.884004884004884,1990,7
San Marcos Springs,24,1989-02-01,1991-01-01,109.18187724014336,0,0,51,819,6.227106227106227,1991,8
San Marcos Springs,24,1988-01-01,1989-12-01,120.43336776312304,0,0,72,819,8.791208791208792,1989,9
San Marcos Springs,24,1962-01-01,1963-12-01,120.63092037890425,0,0,73,819,8.913308913308914,1963,10
San Marcos Springs,24,1995-05-01,1997-04-01,121.89587074262408,0,0,76,819,9.27960927960928,1997,11
San Marcos Springs,24,1983-01-01,1984-12-01,123.17155834525134,0,0,79,819,9.645909645909647,1984,12
San Marcos Springs,24,1983-02-01,1985-01-01,123.98069813019757,0,0,82,819,10.012210012210012,1985,13
San Marcos Springs,24,2008-02-01,2010-01-01,125.52416551900701,0,0,90,819,10.989010989010989,2010,14
San Marcos Springs,24,2008-01-01,2009-12-01,126.00938057277045,0,0,94,819,11.477411477411477,2009,15
San Marcos Springs,24,2013-01-01,2014-12-01,127.16079749103943,0,0,101,819,12.332112332112333,2014,16
San Marcos Springs,24,2013-02-01,2015-01-01,127.37450716845878,0,0,103,819,12.576312576312576,2015,17
San Marcos Springs,24,1995-01-01,1996-12-01,129.0426577369917,0,0,111,819,13.553113553113553,1996,18
San Marcos Springs,24,1966-01-01,1967-12-01,130.57849782386072,0,0,120,819,14.652014652014653,1967,19
San Marcos Springs,24,1966-02-01,1968-01-01,130.7424763184844,0,0,121,819,14.774114774114775,1968,20
San Marcos Springs,24,2011-06-01,2013-05-01,133.39440074509596,0,0,139,819,16.971916971916972,2013,21
San Marcos Springs,24,2021-01-01,2022-12-01,133.45919738863287,0,0,140,819,17.094017094017094,2022,22
San Marcos Springs,24,1964-02-01,1966-01-01,137.72175234387416,0,0,173,819,21.123321123321123,1966,23
San Marcos Springs,24,1982-01-01,1983-12-01,137.89840949820788,0,0,174,819,21.245421245421245,1983,24
San Marcos Springs,24,2011-01-01,2012-12-01,140.47978860991932,0,0,188,819,22.954822954822955,2012,25
San Marcos Springs,24,1956-06-01,1958-05-01,143.3046883000512,0,0,203,819,24.786324786324787,1958,26
San Marcos Springs,24,1971-01-01,1972-12-01,143.7885997669368,0,0,209,819,25.518925518925517,1972,27
San Marcos Springs,24,1971-02-01,1973-01-01,144.3114492293024,0,0,213,819,26.00732600732601,1973,28
San Marcos Springs,24,1984-02-01,1986-01-01,144.70102903137524,0,0,217,819,26.495726495726498,1986,29
San Marcos Springs,24,1996-02-01,1998-01-01,145.632429882409,0,0,223,819,27.228327228327228,1998,30
San Marcos Springs,24,1979-06-01,1981-05-01,147.05908273301904,0,0,233,819,28.449328449328448,1981,31
San Marcos Springs,24,1994-01-01,1995-12-01,147.499759984639,0,0,235,819,28.69352869352869,1995,32
San Marcos Springs,24,2019-10-01,2021-09-01,147.81838341102107,0,0,238,819,29.059829059829063,2021,33
San Marcos Springs,24,2005-06-01,2007-05-01,149.85633960573477,0,0,260,819,31.746031746031743,2007,34
San Marcos Springs,24,1967-02-01,1969-01-01,153.38722158218127,0,0,290,819,35.40903540903541,1969,35
San Marcos Springs,24,1981-01-01,1982-12-01,154.88267409114184,0,0,307,819,37.48473748473749,1982,36
San Marcos Springs,24,1999-03-01,2001-02-01,156.25509428465492,0,0,318,819,38.82783882783883,2001,37
San Marcos Springs,24,1977-08-01,1979-07-01,159.66395289298515,0,0,348,819,42.49084249084249,1979,38
San Marcos Springs,24,1999-01-01,2000-12-01,160.22312423857196,0,0,354,819,43.223443223443226,2000,39
San Marcos Springs,24,1978-02-01,1980-01-01,161.07004608294932,0,0,366,819,44.68864468864469,1980,40
San Marcos Springs,24,1969-12-01,1971-11-01,161.56734190988223,0,0,369,819,45.05494505494506,1971,41
San Marcos Springs,24,1961-01-01,1962-12-01,161.8708237327189,0,0,374,819,45.66544566544567,1962,42
San Marcos Springs,24,1993-01-01,1994-12-01,163.48123399897594,0,0,385,819,47.008547008547005,1994,43
San Marcos Springs,24,1990-02-01,1992-01-01,164.5449948796723,0,0,400,819,48.84004884004884,1992,44
San Marcos Springs,24,2010-01-01,2011-12-01,167.1215085765489,0,0,419,819,51.159951159951156,2011,45
San Marcos Springs,24,1958-07-01,1960-06-01,170.92818199675125,0,0,435,819,53.11355311355312,1960,46
San Marcos Springs,24,1968-05-01,1970-04-01,172.23457501280083,0,0,440,819,53.724053724053725,1970,47
San Marcos Springs,24,1977-01-01,1978-12-01,172.30448668714797,0,0,442,819,53.96825396825397,1978,48
San Marcos Springs,24,2005-01-01,2006-12-01,173.15377304147466,0,0,453,819,55.311355311355314,2006,49
San Marcos Springs,24,1959-02-01,1961-01-01,180.0975816383283,0,0,499,819,60.927960927960925,1961,50
San Marcos Springs,24,1957-02-01,1959-01-01,186.16105030721965,0,0,527,819,64.34676434676435,1959,51
San Marcos Springs,24,2019-01-01,2020-12-01,186.34639160354538,0,0,529,819,64.59096459096459,2020,52
San Marcos Springs,24,2014-02-01,2016-01-01,188.98195724526371,0,0,539,819,65.8119658119658,2016,53
San Marcos Springs,24,2006-02-01,2008-01-01,190.03716397849462,0,0,544,819,66.42246642246641,2008,54
San Marcos Springs,24,1972-02-01,1974-01-01,190.50204702756147,0,0,546,819,66.66666666666666,1974,55
San Marcos Springs,24,2000-02-01,2002-01-01,194.3252555749775,0,0,585,819,71.42857142857143,2002,56
San Marcos Springs,24,1985-02-01,1987-01-01,196.3243951612903,0,0,596,819,72.77167277167277,1987,57
San Marcos Springs,24,2017-01-01,2018-12-01,196.71558819764465,0,0,603,819,73.62637362637363,2018,58
San Marcos Springs,24,2018-01-01,2019-12-01,196.89000576036867,0,0,604,819,73.74847374847376,2019,59
San Marcos Springs,24,1987-01-01,1988-12-01,196.97040693362996,0,0,607,819,74.11477411477412,1988,60
San Marcos Springs,24,1998-01-01,1999-12-01,199.1047843061956,0,0,626,819,76.43467643467643,1999,61
San Marcos Springs,24,1974-05-01,1976-04-01,204.01939224800043,0,0,645,819,78.75457875457876,1976,62
San Marcos Springs,24,1973-02-01,1975-01-01,204.14873911930363,0,0,646,819,78.87667887667888,1975,63
San Marcos Springs,24,1976-01-01,1977-12-01,217.32369652347407,0,0,692,819,84.49328449328449,1977,64
San Marcos Springs,24,2002-12-01,2004-11-01,220.97953623514664,0,0,706,819,86.20268620268621,2004,65
San Marcos Springs,24,2004-01-01,2005-12-01,223.14252586648303,0,0,720,819,87.91208791208791,2005,66
San Marcos Springs,24,2016-01-01,2017-12-01,249.20475892526088,0,0,776,819,94.74969474969474,2017,67
San Marcos Springs,24,2002-01-01,2003-12-01,252.31858678955453,0,0,778,819,94.99389499389498,2003,68
San Marcos Springs,24,1992-01-01,1993-12-01,267.4199928933383,0,0,804,819,98.16849816849816,1993,69
