year,pool,startdate,enddate,stage,days
2008,San Antonio,2008-06-23,2008-07-22,1,30
2009,San Antonio,2009-04-27,2009-06-17,1,52
2009,San Antonio,2009-06-18,2009-09-16,2,91
2009,San Antonio,2009-09-17,2009-10-12,1,26
2011,San Antonio,2011-04-18,2011-06-01,1,45
2011,San Antonio,2011-06-02,2011-12-03,2,185
2011,San Antonio,2011-12-04,2011-12-31,1,28
2011,Uvalde,2011-06-27,2011-12-31,2,188
2012,San Antonio,2012-01-01,2012-02-09,1,40
2012,San Antonio,2012-04-18,2012-05-02,1,15
2012,San Antonio,2012-05-03,2012-06-01,2,30
2012,San Antonio,2012-06-02,2012-06-12,1,11
2012,San Antonio,2012-06-13,2012-08-14,2,63
2012,San Antonio,2012-08-15,2012-09-15,3,32
2012,San Antonio,2012-09-16,2012-12-05,2,81
2012,San Antonio,2012-12-06,2012-12-31,1,26
2012,Uvalde,2012-01-01,2012-05-09,2,130
2012,Uvalde,2012-05-10,2012-06-21,3,43
2012,Uvalde,2012-06-22,2012-08-27,4,67
2012,Uvalde,2012-08-28,2012-12-31,3,126
2013,San Antonio,2013-01-01,2013-03-10,1,69
2013,San Antonio,2013-03-11,2013-05-31,2,82
2013,San Antonio,2013-06-01,2013-06-27,1,27
2013,San Antonio,2013-06-28,2013-07-30,2,33
2013,San Antonio,2013-07-31,2013-11-04,3,97
2013,San Antonio,2013-11-05,2013-12-15,2,41
2013,San Antonio,2013-12-16,2013-12-31,3,16
2013,Uvalde,2013-01-01,2013-01-03,3,3
2013,Uvalde,2013-01-04,2013-03-27,4,83
2013,Uvalde,2013-03-28,2013-12-31,5,279
2014,San Antonio,2014-01-01,2014-01-03,3,3
2014,San Antonio,2014-01-04,2014-04-09,2,96
2014,San Antonio,2014-04-10,2014-08-11,3,124
2014,San Antonio,2014-08-12,2014-11-08,4,89
2014,San Antonio,2014-11-09,2014-12-31,3,53
2014,Uvalde,2014-01-01,2014-12-31,5,365
2015,San Antonio,2015-01-01,2015-01-27,3,27
2015,San Antonio,2015-01-28,2015-04-28,2,91
2015,San Antonio,2015-04-29,2015-05-09,1,11
2015,San Antonio,2015-05-10,2015-05-18,2,9
2015,San Antonio,2015-05-19,2015-05-29,1,11
2015,San Antonio,2015-07-30,2015-08-14,1,16
2015,San Antonio,2015-08-15,2015-10-30,2,77
2015,San Antonio,2015-10-31,2015-11-08,1,9
2015,Uvalde,2015-01-01,2015-06-03,5,154
2015,Uvalde,2015-06-04,2015-06-07,4,4
2015,Uvalde,2015-06-08,2015-06-21,3,14
2015,Uvalde,2015-06-22,2015-08-03,2,43
2017,San Antonio,2017-07-13,2017-08-28,1,47
2017,San Antonio,2017-09-16,2017-09-29,1,14
2018,San Antonio,2018-05-20,2018-06-09,1,21
2018,San Antonio,2018-06-10,2018-07-13,2,34
2018,San Antonio,2018-07-14,2018-07-26,1,13
2018,San Antonio,2018-07-27,2018-09-12,2,48
2018,San Antonio,2018-09-13,2018-09-14,1,2
2020,San Antonio,2020-07-09,2020-09-13,1,67
2020,San Antonio,2020-10-16,2020-12-01,1,47
2021,San Antonio,2021-02-21,2021-03-03,1,11
2021,San Antonio,2021-03-24,2021-04-18,1,26
2021,San Antonio,2021-04-19,2021-04-29,2,11
2021,San Antonio,2021-04-30,2021-05-06,1,7
2021,San Antonio,2021-09-01,2021-10-14,1,44
2022,San Antonio,2022-03-09,2022-04-10,1,33
2022,San Antonio,2022-04-11,2022-06-12,2,63
2022,San Antonio,2022-06-13,2022-08-11,3,60
2022,San Antonio,2022-08-12,2022-08-17,4,6
2022,San Antonio,2022-08-18,2022-10-07,3,51
2022,San Antonio,2022-10-08,2022-10-25,4,18
2022,San Antonio,2022-10-26,2022-12-31,3,67
2022,Uvalde,2022-06-21,2022-07-26,2,36
2022,Uvalde,2022-07-27,2022-09-09,3,45
2022,Uvalde,2022-09-10,2022-12-31,2,113
2023,San Antonio,2023-01-01,2023-04-29,3,119
2023,San Antonio,2023-04-30,2023-05-03,2,4
2023,San Antonio,2023-05-04,2023-05-14,3,11
2023,San Antonio,2023-05-15,2023-06-23,2,40
2023,San Antonio,2023-06-24,2023-07-20,3,27
2023,San Antonio,2023-07-21,2023-10-31,4,103
2023,San Antonio,2023-11-01,2023-12-31,3,61
2023,Uvalde,2023-01-01,2023-05-06,2,126
2023,Uvalde,2023-05-07,2023-05-22,3,16
2023,Uvalde,2023-05-23,2023-06-25,2,34
2023,Uvalde,2023-06-26,2023-08-10,3,46
2023,Uvalde,2023-08-11,2023-11-12,4,94
2023,Uvalde,2023-11-13,2023-12-31,3,49
2024,San Antonio,2024-01-01,2024-01-24,3,24
2024,San Antonio,2024-01-25,2024-04-02,2,69
2024,San Antonio,2024-04-03,2024-06-05,3,64
2024,San Antonio,2024-06-06,2024-06-20,4,15
2024,San Antonio,2024-06-21,2024-06-29,3,9
2024,San Antonio,2024-06-30,2024-07-23,4,24
2024,San Antonio,2024-07-24,2024-08-21,3,29
2024,San Antonio,2024-08-22,2024-09-15,4,25
2024,San Antonio,2024-09-16,2024-09-17,3,2
2024,San Antonio,2024-09-18,2024-12-31,4,105
2024,Uvalde,2024-01-01,2024-03-09,3,69
2024,Uvalde,2024-03-10,2024-04-05,4,27
2024,Uvalde,2024-04-06,2024-12-31,5,270
2025,San Antonio,2025-01-01,2025-05-22,4,142
2025,San Antonio,2025-05-23,2025-05-28,5,6
2025,San Antonio,2025-05-29,2025-06-09,4,12
2025,San Antonio,2025-06-10,2025-08-11,3,63
2025,San Antonio,2025-08-12,2025-12-31,4,142
2025,Uvalde,2025-01-01,2025-12-31,5,365
